{"Mean":{"confidence_interval":{"confidence_level":0.95,"lower_bound":183.69510755547054,"upper_bound":190.66643276925447},"point_estimate":186.49439835786092,"standard_error":1.8490411993542355},"Median":{"confidence_interval":{"confidence_level":0.95,"lower_bound":182.62479156397805,"upper_bound":183.45104816999827},"point_estimate":182.95472377681165,"standard_error":0.23077516315384372},"MedianAbsDev":{"confidence_interval":{"confidence_level":0.95,"lower_bound":1.073215447488486,"upper_bound":2.0424455493971525},"point_estimate":1.5006027858821838,"standard_error":0.2501519110864829},"Slope":{"confidence_interval":{"confidence_level":0.95,"lower_bound":182.8439707747267,"upper_bound":183.6907924605616},"point_estimate":183.2386690330995,"standard_error":0.21675712963493068},"StdDev":{"confidence_interval":{"confidence_level":0.95,"lower_bound":2.6153819348390948,"upper_bound":30.268121831782913},"point_estimate":18.675660175941637,"standard_error":7.739434714094443}}