{"Mean":{"confidence_interval":{"confidence_level":0.95,"lower_bound":164.20554348587046,"upper_bound":168.97937471124615},"point_estimate":166.02860949028565,"standard_error":1.2646429454093682},"Median":{"confidence_interval":{"confidence_level":0.95,"lower_bound":163.41932274363234,"upper_bound":163.6747427274937},"point_estimate":163.5065654850553,"standard_error":0.062379705622492},"MedianAbsDev":{"confidence_interval":{"confidence_level":0.95,"lower_bound":0.3859398024781338,"upper_bound":0.7588367292596043},"point_estimate":0.5208354749924342,"standard_error":0.08908665281092605},"Slope":{"confidence_interval":{"confidence_level":0.95,"lower_bound":163.85526574746362,"upper_bound":164.53347564116882},"point_estimate":164.17795054365357,"standard_error":0.17305377847765693},"StdDev":{"confidence_interval":{"confidence_level":0.95,"lower_bound":2.3021270916287566,"upper_bound":20.99531503582748},"point_estimate":12.671865824889158,"standard_error":5.797879186532697}}