{"Mean":{"confidence_interval":{"confidence_level":0.95,"lower_bound":167.04360462570932,"upper_bound":171.32774472980262},"point_estimate":168.6909983354303,"standard_error":1.1390577785252396},"Median":{"confidence_interval":{"confidence_level":0.95,"lower_bound":166.2748431461863,"upper_bound":166.89974343979324},"point_estimate":166.51178829974566,"standard_error":0.1614318374167831},"MedianAbsDev":{"confidence_interval":{"confidence_level":0.95,"lower_bound":0.8559347351912013,"upper_bound":1.5956878252094622},"point_estimate":1.2288208165038415,"standard_error":0.18434584415139138},"Slope":{"confidence_interval":{"confidence_level":0.95,"lower_bound":166.62204429543095,"upper_bound":167.20396981609872},"point_estimate":166.89879766043518,"standard_error":0.14828188982789614},"StdDev":{"confidence_interval":{"confidence_level":0.95,"lower_bound":1.905182090186039,"upper_bound":18.984992117878544},"point_estimate":11.462049524886082,"standard_error":5.196539922097689}}