{"Mean":{"confidence_interval":{"confidence_level":0.95,"lower_bound":164.72411650321064,"upper_bound":165.71177561175134},"point_estimate":165.1903333060266,"standard_error":0.2526903949929302},"Median":{"confidence_interval":{"confidence_level":0.95,"lower_bound":164.3199631280612,"upper_bound":165.1877056848825},"point_estimate":164.8062354518521,"standard_error":0.22642015043322616},"MedianAbsDev":{"confidence_interval":{"confidence_level":0.95,"lower_bound":1.161773121367612,"upper_bound":2.098846220391791},"point_estimate":1.535722748458389,"standard_error":0.24494213044685295},"Slope":{"confidence_interval":{"confidence_level":0.95,"lower_bound":164.5758503145476,"upper_bound":165.2582525983233},"point_estimate":164.91424566319486,"standard_error":0.17453615469243128},"StdDev":{"confidence_interval":{"confidence_level":0.95,"lower_bound":1.6602897842307407,"upper_bound":3.30307169296674},"point_estimate":2.538063562568679,"standard_error":0.42030368202511653}}