{"Mean":{"confidence_interval":{"confidence_level":0.95,"lower_bound":181.7522412973865,"upper_bound":188.70982689377215},"point_estimate":184.33091997578924,"standard_error":1.9000775026552494},"Median":{"confidence_interval":{"confidence_level":0.95,"lower_bound":181.0331803570737,"upper_bound":181.18732240901113},"point_estimate":181.090709005858,"standard_error":0.04568200286399785},"MedianAbsDev":{"confidence_interval":{"confidence_level":0.95,"lower_bound":0.2020956779282775,"upper_bound":0.5095905072436733},"point_estimate":0.3119483044157511,"standard_error":0.08255435778652051},"Slope":{"confidence_interval":{"confidence_level":0.95,"lower_bound":181.47695724053665,"upper_bound":182.1823035643806},"point_estimate":181.80487691425068,"standard_error":0.1805798037797299},"StdDev":{"confidence_interval":{"confidence_level":0.95,"lower_bound":1.6782763759771677,"upper_bound":32.161920727950175},"point_estimate":19.167951789679034,"standard_error":9.49316294064079}}