{"Mean":{"confidence_interval":{"confidence_level":0.95,"lower_bound":164.11217175394245,"upper_bound":169.3596944417944},"point_estimate":166.14028663627522,"standard_error":1.4051682985244875},"Median":{"confidence_interval":{"confidence_level":0.95,"lower_bound":163.63744182314235,"upper_bound":163.86978513230946},"point_estimate":163.7148825808136,"standard_error":0.06912131813124005},"MedianAbsDev":{"confidence_interval":{"confidence_level":0.95,"lower_bound":0.3156390781130434,"upper_bound":0.6839101599055902},"point_estimate":0.47336218731087365,"standard_error":0.08891268111825429},"Slope":{"confidence_interval":{"confidence_level":0.95,"lower_bound":163.8789689574577,"upper_bound":164.52239698478382},"point_estimate":164.15848623441093,"standard_error":0.16487274306105168},"StdDev":{"confidence_interval":{"confidence_level":0.95,"lower_bound":1.2009738212795884,"upper_bound":23.383197702018585},"point_estimate":14.149444184617877,"standard_error":6.439903944773848}}