{"Mean":{"confidence_interval":{"confidence_level":0.95,"lower_bound":189.30796416019584,"upper_bound":195.4854782864885},"point_estimate":191.96727330590588,"standard_error":1.5929536284074344},"Median":{"confidence_interval":{"confidence_level":0.95,"lower_bound":187.80094724775256,"upper_bound":188.3342682119657},"point_estimate":188.02159627710375,"standard_error":0.14628783497664558},"MedianAbsDev":{"confidence_interval":{"confidence_level":0.95,"lower_bound":0.5526453750501307,"upper_bound":1.215524128200399},"point_estimate":0.8742889387006846,"standard_error":0.17883230184205529},"Slope":{"confidence_interval":{"confidence_level":0.95,"lower_bound":188.53562637297395,"upper_bound":190.33030081805603},"point_estimate":189.31218860787862,"standard_error":0.4620086318480958},"StdDev":{"confidence_interval":{"confidence_level":0.95,"lower_bound":4.867598349045428,"upper_bound":23.681935709910334},"point_estimate":15.918182303301965,"standard_error":4.853767644843205}}