{"Mean":{"confidence_interval":{"confidence_level":0.95,"lower_bound":183.2573572461689,"upper_bound":188.74954222616918},"point_estimate":185.52420372668138,"standard_error":1.4585549662105666},"Median":{"confidence_interval":{"confidence_level":0.95,"lower_bound":182.5724131704087,"upper_bound":183.0911952487008},"point_estimate":182.76691830812098,"standard_error":0.13462825648400958},"MedianAbsDev":{"confidence_interval":{"confidence_level":0.95,"lower_bound":0.8652585659978412,"upper_bound":1.4582337687473126},"point_estimate":1.161677042342537,"standard_error":0.1434013837598669},"Slope":{"confidence_interval":{"confidence_level":0.95,"lower_bound":182.91618362769364,"upper_bound":183.59406522726385},"point_estimate":183.23756391255918,"standard_error":0.17252506363686734},"StdDev":{"confidence_interval":{"confidence_level":0.95,"lower_bound":1.9433571452629563,"upper_bound":22.84993262183248},"point_estimate":14.642227449746786,"standard_error":5.663917066437235}}