{"Mean":{"confidence_interval":{"confidence_level":0.95,"lower_bound":162.12562603167225,"upper_bound":163.2656078703631},"point_estimate":162.6768382020481,"standard_error":0.2908395474407742},"Median":{"confidence_interval":{"confidence_level":0.95,"lower_bound":161.70981311809192,"upper_bound":162.49176246300934},"point_estimate":162.10511868728184,"standard_error":0.19330677521753264},"MedianAbsDev":{"confidence_interval":{"confidence_level":0.95,"lower_bound":1.4131147837020963,"upper_bound":2.708830712225846},"point_estimate":1.9379696768179988,"standard_error":0.35040267985255136},"Slope":{"confidence_interval":{"confidence_level":0.95,"lower_bound":161.37218513963143,"upper_bound":162.50667524605205},"point_estimate":161.91729913251248,"standard_error":0.28922065688425697},"StdDev":{"confidence_interval":{"confidence_level":0.95,"lower_bound":2.2576380101102425,"upper_bound":3.5515367976241166},"point_estimate":2.935874963856215,"standard_error":0.3318487828314457}}