{"Mean":{"confidence_interval":{"confidence_level":0.95,"lower_bound":472.68259360931984,"upper_bound":490.10589344899546},"point_estimate":481.021863700079,"standard_error":4.453551634576636},"Median":{"confidence_interval":{"confidence_level":0.95,"lower_bound":461.8797634059929,"upper_bound":464.227143972343},"point_estimate":463.3775725995316,"standard_error":0.5874215046599415},"MedianAbsDev":{"confidence_interval":{"confidence_level":0.95,"lower_bound":4.170534602932861,"upper_bound":7.081803633730626},"point_estimate":5.525773169657478,"standard_error":0.7333597401182822},"Slope":{"confidence_interval":{"confidence_level":0.95,"lower_bound":474.8416220814325,"upper_bound":496.21786631739616},"point_estimate":484.6852798465068,"standard_error":5.476146026329731},"StdDev":{"confidence_interval":{"confidence_level":0.95,"lower_bound":34.49379851308521,"upper_bound":52.60748065762393},"point_estimate":44.83512990221387,"standard_error":4.655792628907717}}