{"Mean":{"confidence_interval":{"confidence_level":0.95,"lower_bound":153312.27595118096,"upper_bound":158948.68862965357},"point_estimate":155260.64997941593,"standard_error":1757.7194662069564},"Median":{"confidence_interval":{"confidence_level":0.95,"lower_bound":153056.6948051948,"upper_bound":153260.82967032967},"point_estimate":153157.63707482995,"standard_error":46.10310049861063},"MedianAbsDev":{"confidence_interval":{"confidence_level":0.95,"lower_bound":261.4700996133004,"upper_bound":512.0758216697352},"point_estimate":351.1931705853788,"standard_error":65.71051934751513},"Slope":{"confidence_interval":{"confidence_level":0.95,"lower_bound":153161.79663744208,"upper_bound":153570.15812382815},"point_estimate":153347.62035972893,"standard_error":104.65569968950203},"StdDev":{"confidence_interval":{"confidence_level":0.95,"lower_bound":705.5246581008196,"upper_bound":30311.013625240616},"point_estimate":17704.583004376163,"standard_error":10545.952782611452}}