{"Mean":{"confidence_interval":{"confidence_level":0.95,"lower_bound":161756.27622711103,"upper_bound":163410.8419573169},"point_estimate":162448.80998815835,"standard_error":430.47544570652616},"Median":{"confidence_interval":{"confidence_level":0.95,"lower_bound":161364.3373015873,"upper_bound":161653.29336734695},"point_estimate":161512.6562114241,"standard_error":80.84284479157088},"MedianAbsDev":{"confidence_interval":{"confidence_level":0.95,"lower_bound":468.0022024286466,"upper_bound":878.6957080996218},"point_estimate":689.34432766553,"standard_error":105.97761918855895},"Slope":{"confidence_interval":{"confidence_level":0.95,"lower_bound":161495.3425012447,"upper_bound":161892.06451638645},"point_estimate":161682.4440211953,"standard_error":101.09397628365863},"StdDev":{"confidence_interval":{"confidence_level":0.95,"lower_bound":1152.9720491642029,"upper_bound":6786.98263334162},"point_estimate":4312.074996983678,"standard_error":1531.940630437482}}