{"Mean":{"confidence_interval":{"confidence_level":0.95,"lower_bound":152849.04642789275,"upper_bound":154243.34464601247},"point_estimate":153411.24421297482,"standard_error":365.151964580721},"Median":{"confidence_interval":{"confidence_level":0.95,"lower_bound":152546.59931245225,"upper_bound":152765.693877551},"point_estimate":152614.99126743482,"standard_error":57.07881780522495},"MedianAbsDev":{"confidence_interval":{"confidence_level":0.95,"lower_bound":229.81274166639966,"upper_bound":455.4624923221131},"point_estimate":326.17871356230114,"standard_error":58.81901774237709},"Slope":{"confidence_interval":{"confidence_level":0.95,"lower_bound":152689.04943537328,"upper_bound":153037.75779683524},"point_estimate":152844.5706310034,"standard_error":89.43119935971525},"StdDev":{"confidence_interval":{"confidence_level":0.95,"lower_bound":757.0824262565291,"upper_bound":5962.23168211829},"point_estimate":3672.1448331209194,"standard_error":1487.7546472806232}}