{"Mean":{"confidence_interval":{"confidence_level":0.95,"lower_bound":153646.40154055052,"upper_bound":158187.87491910215},"point_estimate":155451.26532719436,"standard_error":1211.9121093938186},"Median":{"confidence_interval":{"confidence_level":0.95,"lower_bound":153100.92063492062,"upper_bound":153543.10758377425},"point_estimate":153369.5903125626,"standard_error":110.33154344198273},"MedianAbsDev":{"confidence_interval":{"confidence_level":0.95,"lower_bound":567.256308442877,"upper_bound":1036.9780713965897},"point_estimate":825.783670567305,"standard_error":118.43245267481042},"Slope":{"confidence_interval":{"confidence_level":0.95,"lower_bound":153828.47282514052,"upper_bound":154707.67712738723},"point_estimate":154243.09411851634,"standard_error":225.18115689480575},"StdDev":{"confidence_interval":{"confidence_level":0.95,"lower_bound":1298.130984295574,"upper_bound":19663.94502191298},"point_estimate":12165.51620661718,"standard_error":5109.71458830526}}