{"Mean":{"confidence_interval":{"confidence_level":0.95,"lower_bound":149633.39983090607,"upper_bound":154207.18104695922},"point_estimate":151445.57576090834,"standard_error":1218.586783139445},"Median":{"confidence_interval":{"confidence_level":0.95,"lower_bound":149378.04926108374,"upper_bound":149799.45945945947},"point_estimate":149622.43997493736,"standard_error":121.1925059405155},"MedianAbsDev":{"confidence_interval":{"confidence_level":0.95,"lower_bound":627.6546635153524,"upper_bound":1056.2683367909785},"point_estimate":867.5663231705181,"standard_error":114.01776911020798},"Slope":{"confidence_interval":{"confidence_level":0.95,"lower_bound":149463.6968678193,"upper_bound":149850.12687425295},"point_estimate":149651.24138698305,"standard_error":98.90023633497714},"StdDev":{"confidence_interval":{"confidence_level":0.95,"lower_bound":822.5162690515879,"upper_bound":19677.911531912046},"point_estimate":12266.805803862833,"standard_error":5145.551683643586}}