{"Mean":{"confidence_interval":{"confidence_level":0.95,"lower_bound":153815.1924002255,"upper_bound":155791.94274229178},"point_estimate":154558.88727079518,"standard_error":543.5088149258355},"Median":{"confidence_interval":{"confidence_level":0.95,"lower_bound":153424.08163265305,"upper_bound":153604.69884169885},"point_estimate":153526.728167172,"standard_error":45.47616567287271},"MedianAbsDev":{"confidence_interval":{"confidence_level":0.95,"lower_bound":219.0543308203191,"upper_bound":454.3318932498061},"point_estimate":348.3789716773493,"standard_error":62.90661978131491},"Slope":{"confidence_interval":{"confidence_level":0.95,"lower_bound":153714.05636331814,"upper_bound":154247.53404295165},"point_estimate":153964.9517773227,"standard_error":136.44252284155192},"StdDev":{"confidence_interval":{"confidence_level":0.95,"lower_bound":1000.6772543928936,"upper_bound":9197.584552914945},"point_estimate":5485.769558524648,"standard_error":2717.7303204566288}}