{"Mean":{"confidence_interval":{"confidence_level":0.95,"lower_bound":180.03773366283727,"upper_bound":187.49133593197843},"point_estimate":182.82605246715127,"standard_error":2.0307798607451644},"Median":{"confidence_interval":{"confidence_level":0.95,"lower_bound":179.17106239164306,"upper_bound":180.53373435182368},"point_estimate":179.56520826066736,"standard_error":0.3228413705251326},"MedianAbsDev":{"confidence_interval":{"confidence_level":0.95,"lower_bound":1.802534348690789,"upper_bound":2.919969886891759},"point_estimate":2.266233950231355,"standard_error":0.2639286895355064},"Slope":{"confidence_interval":{"confidence_level":0.95,"lower_bound":179.7771851115198,"upper_bound":180.74840204883145},"point_estimate":180.25050068814076,"standard_error":0.24774732565232507},"StdDev":{"confidence_interval":{"confidence_level":0.95,"lower_bound":2.172918678602653,"upper_bound":34.15445067140242},"point_estimate":20.40393475966039,"standard_error":9.94227468054668}}