{"Mean":{"confidence_interval":{"confidence_level":0.95,"lower_bound":174.91995599814155,"upper_bound":177.24903517988525},"point_estimate":175.8493151539282,"standard_error":0.6154008701049589},"Median":{"confidence_interval":{"confidence_level":0.95,"lower_bound":174.37436511002375,"upper_bound":175.16410058643802},"point_estimate":174.85646661628425,"standard_error":0.21228754652815077},"MedianAbsDev":{"confidence_interval":{"confidence_level":0.95,"lower_bound":1.5025643287928976,"upper_bound":2.336911084672535},"point_estimate":1.9418487295239746,"standard_error":0.2103301304825568},"Slope":{"confidence_interval":{"confidence_level":0.95,"lower_bound":174.6676502173589,"upper_bound":175.9879223150132},"point_estimate":175.2443397339237,"standard_error":0.33982824582507615},"StdDev":{"confidence_interval":{"confidence_level":0.95,"lower_bound":1.966591129545566,"upper_bound":10.110025188290562},"point_estimate":6.197209322899727,"standard_error":2.655209195332712}}