{"Mean":{"confidence_interval":{"confidence_level":0.95,"lower_bound":179.80690639383877,"upper_bound":183.0078369704222},"point_estimate":181.14796435250787,"standard_error":0.8308942196619257},"Median":{"confidence_interval":{"confidence_level":0.95,"lower_bound":178.96734486511525,"upper_bound":179.55578256110908},"point_estimate":179.24208908298817,"standard_error":0.1393806890222182},"MedianAbsDev":{"confidence_interval":{"confidence_level":0.95,"lower_bound":0.8917923453495838,"upper_bound":1.554415703888458},"point_estimate":1.1621708913479813,"standard_error":0.16619243715149806},"Slope":{"confidence_interval":{"confidence_level":0.95,"lower_bound":179.79104433383552,"upper_bound":181.73444430682449},"point_estimate":180.68483843816378,"standard_error":0.4969670738110503},"StdDev":{"confidence_interval":{"confidence_level":0.95,"lower_bound":2.969382994694954,"upper_bound":13.174633210139252},"point_estimate":8.362664065825724,"standard_error":2.982590817149061}}