{"Mean":{"confidence_interval":{"confidence_level":0.95,"lower_bound":163.6481494078777,"upper_bound":165.5035624807826},"point_estimate":164.39282961726192,"standard_error":0.4901215768264147},"Median":{"confidence_interval":{"confidence_level":0.95,"lower_bound":163.37124247622924,"upper_bound":163.5665606811985},"point_estimate":163.46159814688403,"standard_error":0.05295241064728044},"MedianAbsDev":{"confidence_interval":{"confidence_level":0.95,"lower_bound":0.49679276626822294,"upper_bound":0.8466271445940045},"point_estimate":0.6621857600509324,"standard_error":0.08999734371667892},"Slope":{"confidence_interval":{"confidence_level":0.95,"lower_bound":163.51996006397746,"upper_bound":163.9626897925536},"point_estimate":163.72614244595604,"standard_error":0.11339704479017919},"StdDev":{"confidence_interval":{"confidence_level":0.95,"lower_bound":0.8478517501082957,"upper_bound":8.01191032797803},"point_estimate":4.939126814293135,"standard_error":2.0354054527672596}}