{"Mean":{"confidence_interval":{"confidence_level":0.95,"lower_bound":177.98494920647053,"upper_bound":180.33740401250677},"point_estimate":178.93249770448554,"standard_error":0.6159466375368249},"Median":{"confidence_interval":{"confidence_level":0.95,"lower_bound":177.41050219199641,"upper_bound":178.03572941646684},"point_estimate":177.64973735145298,"standard_error":0.14531155494218645},"MedianAbsDev":{"confidence_interval":{"confidence_level":0.95,"lower_bound":1.0593799711952756,"upper_bound":2.0669836119097593},"point_estimate":1.525091040039701,"standard_error":0.2515974673287105},"Slope":{"confidence_interval":{"confidence_level":0.95,"lower_bound":177.93976424043623,"upper_bound":178.75055990203447},"point_estimate":178.32281020249562,"standard_error":0.20710331608144428},"StdDev":{"confidence_interval":{"confidence_level":0.95,"lower_bound":1.9213033600825902,"upper_bound":10.003942448272086},"point_estimate":6.185655911962211,"standard_error":2.5002613173031625}}