{"Mean":{"confidence_interval":{"confidence_level":0.95,"lower_bound":171.54655530116105,"upper_bound":173.2607358630551},"point_estimate":172.22611071921222,"standard_error":0.45399588935951735},"Median":{"confidence_interval":{"confidence_level":0.95,"lower_bound":171.09388978865226,"upper_bound":171.6304802984016},"point_estimate":171.47835821664393,"standard_error":0.15424485242272812},"MedianAbsDev":{"confidence_interval":{"confidence_level":0.95,"lower_bound":1.0807393336808253,"upper_bound":1.940129248313544},"point_estimate":1.6157279350237115,"standard_error":0.23013168928633843},"Slope":{"confidence_interval":{"confidence_level":0.95,"lower_bound":171.33422034289785,"upper_bound":171.9755882265202},"point_estimate":171.63168884587634,"standard_error":0.16348066427953986},"StdDev":{"confidence_interval":{"confidence_level":0.95,"lower_bound":1.5431412808819127,"upper_bound":7.4797455114477565},"point_estimate":4.576214870364026,"standard_error":1.9953866856452016}}