{"Mean":{"confidence_interval":{"confidence_level":0.95,"lower_bound":173.3671030602436,"upper_bound":175.34817091284137},"point_estimate":174.20355402855967,"standard_error":0.5117882682063059},"Median":{"confidence_interval":{"confidence_level":0.95,"lower_bound":172.8372064777328,"upper_bound":173.49416221713705},"point_estimate":173.1368893453145,"standard_error":0.19209877268896164},"MedianAbsDev":{"confidence_interval":{"confidence_level":0.95,"lower_bound":1.4647424624092824,"upper_bound":2.298052818157475},"point_estimate":1.7726497645598447,"standard_error":0.21196467917703718},"Slope":{"confidence_interval":{"confidence_level":0.95,"lower_bound":173.33330856657852,"upper_bound":174.07950850010025},"point_estimate":173.6972229814969,"standard_error":0.1899768570200231},"StdDev":{"confidence_interval":{"confidence_level":0.95,"lower_bound":2.1105515373241626,"upper_bound":7.977411548517769},"point_estimate":5.115352505192726,"standard_error":1.7473847042906088}}