{"Mean":{"confidence_interval":{"confidence_level":0.95,"lower_bound":185.23616351702736,"upper_bound":192.12393369248267},"point_estimate":188.06564496898264,"standard_error":1.82910823983104},"Median":{"confidence_interval":{"confidence_level":0.95,"lower_bound":184.23385303091635,"upper_bound":185.36583832253478},"point_estimate":184.93121649487983,"standard_error":0.2831636395545571},"MedianAbsDev":{"confidence_interval":{"confidence_level":0.95,"lower_bound":1.6871575766039113,"upper_bound":3.1535773329957584},"point_estimate":2.3745082358268226,"standard_error":0.3809940428505205},"Slope":{"confidence_interval":{"confidence_level":0.95,"lower_bound":184.61530128387304,"upper_bound":185.82952216599116},"point_estimate":185.1924471266673,"standard_error":0.3105626145696456},"StdDev":{"confidence_interval":{"confidence_level":0.95,"lower_bound":2.6072279361309656,"upper_bound":28.55507210192115},"point_estimate":18.373282712710477,"standard_error":7.106905685800681}}