{"Mean":{"confidence_interval":{"confidence_level":0.95,"lower_bound":173.37573031086023,"upper_bound":175.4908545732353},"point_estimate":174.2375007263445,"standard_error":0.5534822631237333},"Median":{"confidence_interval":{"confidence_level":0.95,"lower_bound":172.9897166841553,"upper_bound":173.23759263610953},"point_estimate":173.08981245523745,"standard_error":0.06069895397168231},"MedianAbsDev":{"confidence_interval":{"confidence_level":0.95,"lower_bound":0.5446323447609946,"upper_bound":1.0573576711638717},"point_estimate":0.8402425818446645,"standard_error":0.12834880838401577},"Slope":{"confidence_interval":{"confidence_level":0.95,"lower_bound":173.11279035321513,"upper_bound":174.16508309718654},"point_estimate":173.51981882996682,"standard_error":0.2780083683159364},"StdDev":{"confidence_interval":{"confidence_level":0.95,"lower_bound":1.1407792684015567,"upper_bound":8.954120181151714},"point_estimate":5.544691763797046,"standard_error":2.181072384477377}}