{"Mean":{"confidence_interval":{"confidence_level":0.95,"lower_bound":181.94805550280495,"upper_bound":187.20649297152613},"point_estimate":184.11212551819526,"standard_error":1.4012429269975784},"Median":{"confidence_interval":{"confidence_level":0.95,"lower_bound":181.46857409077504,"upper_bound":182.19177261213173},"point_estimate":181.98722096970664,"standard_error":0.20037841535057543},"MedianAbsDev":{"confidence_interval":{"confidence_level":0.95,"lower_bound":1.282469270318207,"upper_bound":2.25086315961456},"point_estimate":1.7444944030115004,"standard_error":0.25767202976491993},"Slope":{"confidence_interval":{"confidence_level":0.95,"lower_bound":181.95854265411722,"upper_bound":182.71503088308566},"point_estimate":182.32098269473028,"standard_error":0.19339317539380924},"StdDev":{"confidence_interval":{"confidence_level":0.95,"lower_bound":1.8176240360894893,"upper_bound":21.918739988793085},"point_estimate":14.114287616457643,"standard_error":5.505523299685967}}