{"Mean":{"confidence_interval":{"confidence_level":0.95,"lower_bound":173.91293861456325,"upper_bound":175.6847883861456},"point_estimate":174.62790363987824,"standard_error":0.46669853905419106},"Median":{"confidence_interval":{"confidence_level":0.95,"lower_bound":173.44685228549386,"upper_bound":174.25726813856426},"point_estimate":173.71816158024572,"standard_error":0.21378564943203282},"MedianAbsDev":{"confidence_interval":{"confidence_level":0.95,"lower_bound":1.3200629207480348,"upper_bound":2.1585065098048344},"point_estimate":1.6611149098208218,"standard_error":0.20388469396986017},"Slope":{"confidence_interval":{"confidence_level":0.95,"lower_bound":173.86310644283182,"upper_bound":174.5567223695286},"point_estimate":174.20331082092218,"standard_error":0.17721512908119824},"StdDev":{"confidence_interval":{"confidence_level":0.95,"lower_bound":1.6603277611859806,"upper_bound":7.591385135248169},"point_estimate":4.688255884989903,"standard_error":1.9483703381529458}}