{"Mean":{"confidence_interval":{"confidence_level":0.95,"lower_bound":20777.719937951744,"upper_bound":21465.08301074092},"point_estimate":21049.429602645872,"standard_error":182.4265272380746},"Median":{"confidence_interval":{"confidence_level":0.95,"lower_bound":20712.49410635965,"upper_bound":20773.347916666666},"point_estimate":20743.846938189337,"standard_error":14.868912213531328},"MedianAbsDev":{"confidence_interval":{"confidence_level":0.95,"lower_bound":73.12182376325217,"upper_bound":133.57186819680763},"point_estimate":105.2218705096323,"standard_error":16.127884501427243},"Slope":{"confidence_interval":{"confidence_level":0.95,"lower_bound":20744.767015777063,"upper_bound":20831.15929539698},"point_estimate":20785.891879402494,"standard_error":22.096396711416507},"StdDev":{"confidence_interval":{"confidence_level":0.95,"lower_bound":157.78734508941696,"upper_bound":2913.2432796232542},"point_estimate":1824.9249389014815,"standard_error":758.5915036788275}}