{"Mean":{"confidence_interval":{"confidence_level":0.95,"lower_bound":27166.76081145191,"upper_bound":28136.1604166194},"point_estimate":27559.94907943607,"standard_error":255.87503994627664},"Median":{"confidence_interval":{"confidence_level":0.95,"lower_bound":27037.03846153846,"upper_bound":27133.25744641193},"point_estimate":27060.170116925437,"standard_error":24.7644475067718},"MedianAbsDev":{"confidence_interval":{"confidence_level":0.95,"lower_bound":126.09582365450837,"upper_bound":238.34301982261937},"point_estimate":160.32900291147143,"standard_error":28.193533816657666},"Slope":{"confidence_interval":{"confidence_level":0.95,"lower_bound":27079.456763734896,"upper_bound":27246.444240749886},"point_estimate":27154.22804085007,"standard_error":42.77461848160205},"StdDev":{"confidence_interval":{"confidence_level":0.95,"lower_bound":324.2905457189574,"upper_bound":4080.100468126689},"point_estimate":2567.648820562165,"standard_error":1016.697907961646}}