{"Mean":{"confidence_interval":{"confidence_level":0.95,"lower_bound":20800.353284963232,"upper_bound":21099.45380212922},"point_estimate":20917.893002310415,"standard_error":79.36830567326636},"Median":{"confidence_interval":{"confidence_level":0.95,"lower_bound":20728.55616117571,"upper_bound":20788.755477061168},"point_estimate":20764.88428287982,"standard_error":15.844819733942995},"MedianAbsDev":{"confidence_interval":{"confidence_level":0.95,"lower_bound":91.9773760755686,"upper_bound":174.82546716028037},"point_estimate":127.24980800469903,"standard_error":20.961066455902376},"Slope":{"confidence_interval":{"confidence_level":0.95,"lower_bound":20763.581995619614,"upper_bound":20815.837093376642},"point_estimate":20788.006880757104,"standard_error":13.29182491005961},"StdDev":{"confidence_interval":{"confidence_level":0.95,"lower_bound":171.88729852408764,"upper_bound":1315.075808196683},"point_estimate":799.3499673761223,"standard_error":350.45997201087425}}