{"Mean":{"confidence_interval":{"confidence_level":0.95,"lower_bound":20806.75191315338,"upper_bound":21100.287145829712},"point_estimate":20923.502748007766,"standard_error":77.82689244953298},"Median":{"confidence_interval":{"confidence_level":0.95,"lower_bound":20758.364583333332,"upper_bound":20819.40948275862},"point_estimate":20774.095846170774,"standard_error":15.803508866433159},"MedianAbsDev":{"confidence_interval":{"confidence_level":0.95,"lower_bound":85.11499671621496,"upper_bound":143.61129653547675},"point_estimate":113.82612846937971,"standard_error":14.07264385775551},"Slope":{"confidence_interval":{"confidence_level":0.95,"lower_bound":20787.231601659707,"upper_bound":20857.43049211442},"point_estimate":20820.017096386877,"standard_error":17.978528040157535},"StdDev":{"confidence_interval":{"confidence_level":0.95,"lower_bound":129.34203790759335,"upper_bound":1278.1942991333324},"point_estimate":783.1040876228708,"standard_error":332.3238158998349}}