{"Mean":{"confidence_interval":{"confidence_level":0.95,"lower_bound":27026.393236024083,"upper_bound":28044.38167760734},"point_estimate":27444.61713851426,"standard_error":270.0382258427307},"Median":{"confidence_interval":{"confidence_level":0.95,"lower_bound":26913.133108108108,"upper_bound":26975.99675675676},"point_estimate":26945.03322072072,"standard_error":15.37905457003549},"MedianAbsDev":{"confidence_interval":{"confidence_level":0.95,"lower_bound":92.3596675390222,"upper_bound":164.3543030764023},"point_estimate":122.08219976487577,"standard_error":17.436897949980906},"Slope":{"confidence_interval":{"confidence_level":0.95,"lower_bound":26989.705551568277,"upper_bound":27130.7859578918},"point_estimate":27055.813650905227,"standard_error":36.07346653013097},"StdDev":{"confidence_interval":{"confidence_level":0.95,"lower_bound":321.40685726798085,"upper_bound":4254.3284229013},"point_estimate":2717.6141887490967,"standard_error":1062.2798057099526}}