{"Mean":{"confidence_interval":{"confidence_level":0.95,"lower_bound":130.3996390928866,"upper_bound":135.17765938740874},"point_estimate":132.37816665721581,"standard_error":1.2587837771628978},"Median":{"confidence_interval":{"confidence_level":0.95,"lower_bound":129.6830178619035,"upper_bound":130.39315976220774},"point_estimate":129.95117912739403,"standard_error":0.2157760190180552},"MedianAbsDev":{"confidence_interval":{"confidence_level":0.95,"lower_bound":0.9798412815160602,"upper_bound":1.840833855781743},"point_estimate":1.29372633450657,"standard_error":0.23676285179212317},"Slope":{"confidence_interval":{"confidence_level":0.95,"lower_bound":130.04512389624352,"upper_bound":130.80911602431163},"point_estimate":130.40365187676468,"standard_error":0.1956424627672595},"StdDev":{"confidence_interval":{"confidence_level":0.95,"lower_bound":1.792354544489571,"upper_bound":19.70926166248142},"point_estimate":12.637313776610142,"standard_error":4.789462951521646}}