{"Mean":{"confidence_interval":{"confidence_level":0.95,"lower_bound":121.59889334163086,"upper_bound":126.00205026335969},"point_estimate":123.44320231154397,"standard_error":1.1508118376863343},"Median":{"confidence_interval":{"confidence_level":0.95,"lower_bound":121.01448938799547,"upper_bound":122.56931220699673},"point_estimate":122.07315821268179,"standard_error":0.45411288135044164},"MedianAbsDev":{"confidence_interval":{"confidence_level":0.95,"lower_bound":2.402516341943389,"upper_bound":3.9203739999790224},"point_estimate":3.1376976263874514,"standard_error":0.383660440729674},"Slope":{"confidence_interval":{"confidence_level":0.95,"lower_bound":121.76354535372226,"upper_bound":123.03990078471931},"point_estimate":122.39763106478951,"standard_error":0.32649913600660685},"StdDev":{"confidence_interval":{"confidence_level":0.95,"lower_bound":2.7645687883363457,"upper_bound":17.7992315381578},"point_estimate":11.537806770015655,"standard_error":4.1102639941522785}}