{"Mean":{"confidence_interval":{"confidence_level":0.95,"lower_bound":144.9875412869122,"upper_bound":149.7804460408043},"point_estimate":147.02499381862967,"standard_error":1.2432781334159362},"Median":{"confidence_interval":{"confidence_level":0.95,"lower_bound":144.25386476802083,"upper_bound":145.74503287701862},"point_estimate":144.71744484192433,"standard_error":0.4885879978947824},"MedianAbsDev":{"confidence_interval":{"confidence_level":0.95,"lower_bound":2.0817803735467355,"upper_bound":3.47575310805431},"point_estimate":2.612315123797164,"standard_error":0.3678268732675164},"Slope":{"confidence_interval":{"confidence_level":0.95,"lower_bound":145.2171794525692,"upper_bound":146.5341765781651},"point_estimate":145.83228079734218,"standard_error":0.3370879691901701},"StdDev":{"confidence_interval":{"confidence_level":0.95,"lower_bound":3.111676070698476,"upper_bound":19.0333583987087},"point_estimate":12.514741854730499,"standard_error":4.289792738179302}}