{"Mean":{"confidence_interval":{"confidence_level":0.95,"lower_bound":0.018618487504445353,"upper_bound":0.030515536045833815},"point_estimate":0.024487886170716733,"standard_error":0.0030326070296791984},"Median":{"confidence_interval":{"confidence_level":0.95,"lower_bound":0.015782785989453707,"upper_bound":0.0275648583027035},"point_estimate":0.02282481392068214,"standard_error":0.0029064775095188075}}