{"Mean":{"confidence_interval":{"confidence_level":0.95,"lower_bound":0.0003483063162066947,"upper_bound":0.010806567119765713},"point_estimate":0.005570618515250425,"standard_error":0.002665872801582875},"Median":{"confidence_interval":{"confidence_level":0.95,"lower_bound":0.0006092100197531415,"upper_bound":0.009104530219642627},"point_estimate":0.005362150725761516,"standard_error":0.002097605167675713}}