{"Mean":{"confidence_interval":{"confidence_level":0.95,"lower_bound":0.027062408052429127,"upper_bound":0.03657735597533009},"point_estimate":0.03184108328495938,"standard_error":0.002416587558381598},"Median":{"confidence_interval":{"confidence_level":0.95,"lower_bound":0.03095671011194523,"upper_bound":0.03793026275381184},"point_estimate":0.0348523584822904,"standard_error":0.0018282624934822037}}