{"Mean":{"confidence_interval":{"confidence_level":0.95,"lower_bound":1675.3561325631317,"upper_bound":1685.5573314331625},"point_estimate":1680.2273546392905,"standard_error":2.601591444367024},"Median":{"confidence_interval":{"confidence_level":0.95,"lower_bound":1675.2411532243577,"upper_bound":1680.0201965270226},"point_estimate":1677.3964754812878,"standard_error":1.3981046714256051},"MedianAbsDev":{"confidence_interval":{"confidence_level":0.95,"lower_bound":11.249396668711366,"upper_bound":19.15684171409579},"point_estimate":14.48004082968261,"standard_error":1.9775400954880213},"Slope":{"confidence_interval":{"confidence_level":0.95,"lower_bound":1675.6907624165262,"upper_bound":1681.2266050813273},"point_estimate":1678.5127163341876,"standard_error":1.4096289681787155},"StdDev":{"confidence_interval":{"confidence_level":0.95,"lower_bound":18.252101402138365,"upper_bound":33.230537899207114},"point_estimate":26.196284714150718,"standard_error":3.8391970339089494}}