{"Mean":{"confidence_interval":{"confidence_level":0.95,"lower_bound":1949.4940278270903,"upper_bound":1972.1276897328835},"point_estimate":1959.639272684556,"standard_error":5.787911550583611},"Median":{"confidence_interval":{"confidence_level":0.95,"lower_bound":1937.9184210599628,"upper_bound":1953.6930607853683},"point_estimate":1945.2910491218183,"standard_error":4.545590753497372},"MedianAbsDev":{"confidence_interval":{"confidence_level":0.95,"lower_bound":21.043893026071974,"upper_bound":39.91398198950913},"point_estimate":29.46695621793672,"standard_error":4.606541925838175},"Slope":{"confidence_interval":{"confidence_level":0.95,"lower_bound":1944.7183762472764,"upper_bound":1957.5794615064472},"point_estimate":1950.8768856753202,"standard_error":3.280789157097256},"StdDev":{"confidence_interval":{"confidence_level":0.95,"lower_bound":33.8685262570976,"upper_bound":84.2218598880235},"point_estimate":58.10120667251824,"standard_error":14.750366972288324}}