{"Mean":{"confidence_interval":{"confidence_level":0.95,"lower_bound":1667.5484247644943,"upper_bound":1679.561467499146},"point_estimate":1673.3274708252384,"standard_error":3.0674925118652294},"Median":{"confidence_interval":{"confidence_level":0.95,"lower_bound":1665.7709680420523,"upper_bound":1674.3595733010536},"point_estimate":1670.9285606712565,"standard_error":2.065350421067126},"MedianAbsDev":{"confidence_interval":{"confidence_level":0.95,"lower_bound":17.105656659729014,"upper_bound":27.76070548045409},"point_estimate":22.327760382010897,"standard_error":2.617550204959525},"Slope":{"confidence_interval":{"confidence_level":0.95,"lower_bound":1665.358802140632,"upper_bound":1672.8381386226795},"point_estimate":1668.9583218041794,"standard_error":1.9058902404679665},"StdDev":{"confidence_interval":{"confidence_level":0.95,"lower_bound":22.63093893307386,"upper_bound":39.27603948136798},"point_estimate":30.872095885469154,"standard_error":4.347833723088922}}