{"Mean":{"confidence_interval":{"confidence_level":0.95,"lower_bound":2833.617253231338,"upper_bound":2881.8664260345463},"point_estimate":2854.1655395485914,"standard_error":12.512317590174986},"Median":{"confidence_interval":{"confidence_level":0.95,"lower_bound":2821.7103783876664,"upper_bound":2843.307574625538},"point_estimate":2832.6178759711256,"standard_error":5.732842901203771},"MedianAbsDev":{"confidence_interval":{"confidence_level":0.95,"lower_bound":32.73218172020924,"upper_bound":57.727491894485645},"point_estimate":44.71792487553476,"standard_error":6.744158079005069},"Slope":{"confidence_interval":{"confidence_level":0.95,"lower_bound":2832.8320614418003,"upper_bound":2853.143423538403},"point_estimate":2842.802780181326,"standard_error":5.178353152207209},"StdDev":{"confidence_interval":{"confidence_level":0.95,"lower_bound":45.11149098879243,"upper_bound":196.32058814825567},"point_estimate":125.8964992239152,"standard_error":42.09419417737677}}