{"Mean":{"confidence_interval":{"confidence_level":0.95,"lower_bound":2850.684023075502,"upper_bound":2909.9441003610264},"point_estimate":2876.6081159454507,"standard_error":15.286131226032474},"Median":{"confidence_interval":{"confidence_level":0.95,"lower_bound":2838.6052704878794,"upper_bound":2860.2006414825373},"point_estimate":2850.2231901204086,"standard_error":5.996160250164836},"MedianAbsDev":{"confidence_interval":{"confidence_level":0.95,"lower_bound":36.833640254452405,"upper_bound":69.81617693062722},"point_estimate":49.031646115483724,"standard_error":8.580114611471853},"Slope":{"confidence_interval":{"confidence_level":0.95,"lower_bound":2839.484968471723,"upper_bound":2859.79526762737},"point_estimate":2849.616106167398,"standard_error":5.187609451879354},"StdDev":{"confidence_interval":{"confidence_level":0.95,"lower_bound":55.76792528702716,"upper_bound":224.9815170684396},"point_estimate":153.5274965409338,"standard_error":42.201755741285886}}