{"Mean":{"confidence_interval":{"confidence_level":0.95,"lower_bound":2790.068753346212,"upper_bound":2845.1933882382664},"point_estimate":2814.5855937120486,"standard_error":14.180142492258472},"Median":{"confidence_interval":{"confidence_level":0.95,"lower_bound":2785.7557944887976,"upper_bound":2802.74113867201},"point_estimate":2794.178591805392,"standard_error":4.086319314963455},"MedianAbsDev":{"confidence_interval":{"confidence_level":0.95,"lower_bound":33.45417384441873,"upper_bound":65.35124771301462},"point_estimate":48.078354368875715,"standard_error":8.331754029276459},"Slope":{"confidence_interval":{"confidence_level":0.95,"lower_bound":2792.6796107206633,"upper_bound":2810.220781890871},"point_estimate":2801.736781456083,"standard_error":4.479147281562278},"StdDev":{"confidence_interval":{"confidence_level":0.95,"lower_bound":54.75138030443926,"upper_bound":204.17496272957425},"point_estimate":142.56962467563497,"standard_error":36.31377764292617}}