{"Mean":{"confidence_interval":{"confidence_level":0.95,"lower_bound":2909.155844478371,"upper_bound":2977.8897251124417},"point_estimate":2937.6725950391397,"standard_error":17.963005751835755},"Median":{"confidence_interval":{"confidence_level":0.95,"lower_bound":2896.4111081932774,"upper_bound":2922.098168369732},"point_estimate":2905.106901526334,"standard_error":6.8603240476071194},"MedianAbsDev":{"confidence_interval":{"confidence_level":0.95,"lower_bound":37.72736149181091,"upper_bound":66.89223896759782},"point_estimate":54.50004908342158,"standard_error":7.684274932000196},"Slope":{"confidence_interval":{"confidence_level":0.95,"lower_bound":2913.0734488948615,"upper_bound":2937.112026836208},"point_estimate":2924.8307127991584,"standard_error":6.122686143513523},"StdDev":{"confidence_interval":{"confidence_level":0.95,"lower_bound":52.298138597122254,"upper_bound":289.2965771559995},"point_estimate":181.0411792215098,"standard_error":68.1686354396664}}