{"Mean":{"confidence_interval":{"confidence_level":0.95,"lower_bound":2885.000729989292,"upper_bound":2971.048483721915},"point_estimate":2921.622181340983,"standard_error":22.242137552758663},"Median":{"confidence_interval":{"confidence_level":0.95,"lower_bound":2872.752321603128,"upper_bound":2893.0765953451837},"point_estimate":2883.357521994135,"standard_error":5.804295654115533},"MedianAbsDev":{"confidence_interval":{"confidence_level":0.95,"lower_bound":47.958546549990174,"upper_bound":83.39879391729842},"point_estimate":63.705082410464115,"standard_error":8.983567111315708},"Slope":{"confidence_interval":{"confidence_level":0.95,"lower_bound":2872.9156669187946,"upper_bound":2895.0393886019215},"point_estimate":2883.738326881316,"standard_error":5.631485844225752},"StdDev":{"confidence_interval":{"confidence_level":0.95,"lower_bound":62.88176230123771,"upper_bound":340.531540354293},"point_estimate":223.069725954307,"standard_error":74.17029002302809}}