{"Mean":{"confidence_interval":{"confidence_level":0.95,"lower_bound":2946.7917777731836,"upper_bound":3015.058015380943},"point_estimate":2976.847172440726,"standard_error":17.601239570013412},"Median":{"confidence_interval":{"confidence_level":0.95,"lower_bound":2928.635736630152,"upper_bound":2947.3367213367214},"point_estimate":2936.321981283609,"standard_error":4.590210487208054},"MedianAbsDev":{"confidence_interval":{"confidence_level":0.95,"lower_bound":38.90939344921958,"upper_bound":66.16007566059253},"point_estimate":53.71362926905557,"standard_error":6.571269840115452},"Slope":{"confidence_interval":{"confidence_level":0.95,"lower_bound":2941.9374092462317,"upper_bound":2977.758554377654},"point_estimate":2958.83207714882,"standard_error":9.196315407115915},"StdDev":{"confidence_interval":{"confidence_level":0.95,"lower_bound":77.33065673593583,"upper_bound":258.33978330466255},"point_estimate":176.79194121540283,"standard_error":47.09506198395962}}