{"Mean":{"confidence_interval":{"confidence_level":0.95,"lower_bound":2877.3106834312666,"upper_bound":2940.085330417283},"point_estimate":2904.41841466096,"standard_error":16.2078900342928},"Median":{"confidence_interval":{"confidence_level":0.95,"lower_bound":2861.038022044696,"upper_bound":2877.1032871854327},"point_estimate":2870.3770263575766,"standard_error":3.441518736836394},"MedianAbsDev":{"confidence_interval":{"confidence_level":0.95,"lower_bound":24.38315157574128,"upper_bound":55.09314591388726},"point_estimate":39.29319140657041,"standard_error":7.849698552585945},"Slope":{"confidence_interval":{"confidence_level":0.95,"lower_bound":2867.8411231477185,"upper_bound":2890.1690478318},"point_estimate":2878.0790579693503,"standard_error":5.7236046346516245},"StdDev":{"confidence_interval":{"confidence_level":0.95,"lower_bound":55.42425669729363,"upper_bound":244.26339779771504},"point_estimate":163.23618731381944,"standard_error":50.99785030398346}}