{"Mean":{"confidence_interval":{"confidence_level":0.95,"lower_bound":512.8291177864294,"upper_bound":515.5935995591673},"point_estimate":514.1615194716122,"standard_error":0.703741638139497},"Median":{"confidence_interval":{"confidence_level":0.95,"lower_bound":512.308606233191,"upper_bound":514.3933496532028},"point_estimate":513.273774509028,"standard_error":0.47608286781141324},"MedianAbsDev":{"confidence_interval":{"confidence_level":0.95,"lower_bound":3.721511868975084,"upper_bound":6.260905987956575},"point_estimate":4.869427219351838,"standard_error":0.6511731169937913},"Slope":{"confidence_interval":{"confidence_level":0.95,"lower_bound":513.1859121507433,"upper_bound":515.2350326997536},"point_estimate":514.1767796904647,"standard_error":0.5221686903818751},"StdDev":{"confidence_interval":{"confidence_level":0.95,"lower_bound":5.066916654466731,"upper_bound":8.999532335800284},"point_estimate":7.073834094844156,"standard_error":1.015552512071208}}