{"Mean":{"confidence_interval":{"confidence_level":0.95,"lower_bound":181119.85877395474,"upper_bound":185485.71305411845},"point_estimate":182805.372888851,"standard_error":1180.0041601174498},"Median":{"confidence_interval":{"confidence_level":0.95,"lower_bound":180846.62,"upper_bound":181040.80259284418},"point_estimate":180942.0746487867,"standard_error":52.73368544486893},"MedianAbsDev":{"confidence_interval":{"confidence_level":0.95,"lower_bound":313.88790619236715,"upper_bound":602.8852071610579},"point_estimate":425.9861796072056,"standard_error":75.34920722765882},"Slope":{"confidence_interval":{"confidence_level":0.95,"lower_bound":180950.31486347114,"upper_bound":181411.61415310006},"point_estimate":181158.05923747597,"standard_error":117.76176593030225},"StdDev":{"confidence_interval":{"confidence_level":0.95,"lower_bound":816.5493599343654,"upper_bound":19556.534388292643},"point_estimate":11878.328742326976,"standard_error":5412.593724296624}}