{"Mean":{"confidence_interval":{"confidence_level":0.95,"lower_bound":193297.5051976533,"upper_bound":199536.61309210042},"point_estimate":195763.43817809527,"standard_error":1653.8998766736308},"Median":{"confidence_interval":{"confidence_level":0.95,"lower_bound":192438.98309178744,"upper_bound":193077.0810185185},"point_estimate":192700.59532828283,"standard_error":157.40958475882894},"MedianAbsDev":{"confidence_interval":{"confidence_level":0.95,"lower_bound":1005.5831717039703,"upper_bound":1994.93168767598},"point_estimate":1473.3409398455537,"standard_error":234.4742684740353},"Slope":{"confidence_interval":{"confidence_level":0.95,"lower_bound":192868.2662041451,"upper_bound":193936.66415995112},"point_estimate":193374.57105561302,"standard_error":271.7591785724383},"StdDev":{"confidence_interval":{"confidence_level":0.95,"lower_bound":2210.0240012541835,"upper_bound":26952.89581643054},"point_estimate":16573.67940337107,"standard_error":7012.714551255885}}