{"Mean":{"confidence_interval":{"confidence_level":0.95,"lower_bound":180991.75987312023,"upper_bound":182554.02078481822},"point_estimate":181601.10661580676,"standard_error":413.90019880624527},"Median":{"confidence_interval":{"confidence_level":0.95,"lower_bound":180597.29914529916,"upper_bound":181202.28251869656},"point_estimate":180934.21923076923,"standard_error":150.258281121354},"MedianAbsDev":{"confidence_interval":{"confidence_level":0.95,"lower_bound":910.7578521264494,"upper_bound":1492.810176097957},"point_estimate":1203.5022039944186,"standard_error":147.88737875639583},"Slope":{"confidence_interval":{"confidence_level":0.95,"lower_bound":180914.5211550199,"upper_bound":181536.60791508394},"point_estimate":181217.03392394463,"standard_error":158.387610186626},"StdDev":{"confidence_interval":{"confidence_level":0.95,"lower_bound":1188.7815173350275,"upper_bound":6820.620833755657},"point_estimate":4147.810767357062,"standard_error":1838.8265271089676}}