{"Mean":{"confidence_interval":{"confidence_level":0.95,"lower_bound":0.008759767559319266,"upper_bound":0.01551455894921236},"point_estimate":0.012196225063905386,"standard_error":0.0017203114449217643},"Median":{"confidence_interval":{"confidence_level":0.95,"lower_bound":0.012774698280223484,"upper_bound":0.01703434502629997},"point_estimate":0.015362550856104606,"standard_error":0.0010900037031282347}}