{"Mean":{"confidence_interval":{"confidence_level":0.95,"lower_bound":-0.0032740501938176734,"upper_bound":0.0040538883966270865},"point_estimate":0.00040704282189918395,"standard_error":0.0018557184574979175},"Median":{"confidence_interval":{"confidence_level":0.95,"lower_bound":-0.0013760787575608502,"upper_bound":0.004454486092797033},"point_estimate":0.0027871788512119355,"standard_error":0.0015234741380177128}}