{"Mean":{"confidence_interval":{"confidence_level":0.95,"lower_bound":-0.012183829861606111,"upper_bound":-0.0053371418030600925},"point_estimate":-0.008693875777527782,"standard_error":0.0017422758479810113},"Median":{"confidence_interval":{"confidence_level":0.95,"lower_bound":-0.013739258987195191,"upper_bound":-0.006882908470644988},"point_estimate":-0.01078050202961256,"standard_error":0.0016870770250705807}}