{"Mean":{"confidence_interval":{"confidence_level":0.95,"lower_bound":-0.004284763183973648,"upper_bound":0.007269881088670711},"point_estimate":0.0012787292833931208,"standard_error":0.0029493008234111107},"Median":{"confidence_interval":{"confidence_level":0.95,"lower_bound":-0.005653688034286641,"upper_bound":0.004964124054007843},"point_estimate":-0.0003569559552502044,"standard_error":0.0026914833884706646}}