{"Mean":{"confidence_interval":{"confidence_level":0.95,"lower_bound":0.02098511469078951,"upper_bound":0.03241495467199967},"point_estimate":0.026671800732589013,"standard_error":0.0029020217738371617},"Median":{"confidence_interval":{"confidence_level":0.95,"lower_bound":0.02230193572720439,"upper_bound":0.03571893964491412},"point_estimate":0.029290069917182304,"standard_error":0.0035351681889570163}}