{"Mean":{"confidence_interval":{"confidence_level":0.95,"lower_bound":-0.04266313711508639,"upper_bound":-0.018287882947853426},"point_estimate":-0.030531432331699304,"standard_error":0.006204284728585486},"Median":{"confidence_interval":{"confidence_level":0.95,"lower_bound":-0.02430411902322982,"upper_bound":-0.010951943816156606},"point_estimate":-0.01662427980321657,"standard_error":0.0034836686541132996}}