{"Mean":{"confidence_interval":{"confidence_level":0.95,"lower_bound":0.01963944408296892,"upper_bound":0.0584667235300531},"point_estimate":0.03863901441793227,"standard_error":0.009926031538198194},"Median":{"confidence_interval":{"confidence_level":0.95,"lower_bound":-0.0011813451345829007,"upper_bound":0.00783794165528614},"point_estimate":0.004901797348876524,"standard_error":0.0023494209729110946}}