{"Mean":{"confidence_interval":{"confidence_level":0.95,"lower_bound":700940.9961113646,"upper_bound":705466.4730843836},"point_estimate":702802.1810524081,"standard_error":1186.167060828095},"Median":{"confidence_interval":{"confidence_level":0.95,"lower_bound":699914.8489583334,"upper_bound":700969.9520547945},"point_estimate":700540.2738152805,"standard_error":282.6354059889122},"MedianAbsDev":{"confidence_interval":{"confidence_level":0.95,"lower_bound":1538.108617379079,"upper_bound":2619.597809459807},"point_estimate":2139.2640852412733,"standard_error":275.5976683747515},"Slope":{"confidence_interval":{"confidence_level":0.95,"lower_bound":700545.1705131324,"upper_bound":701960.8259695393},"point_estimate":701170.196076548,"standard_error":362.9843336506079},"StdDev":{"confidence_interval":{"confidence_level":0.95,"lower_bound":3433.9729564588465,"upper_bound":19058.516830624896},"point_estimate":11881.941445862132,"standard_error":4582.875760152749}}