{"Mean":{"confidence_interval":{"confidence_level":0.95,"lower_bound":603.6712951804006,"upper_bound":622.547176150674},"point_estimate":611.5497723285844,"standard_error":4.908372094809897},"Median":{"confidence_interval":{"confidence_level":0.95,"lower_bound":600.1018891372138,"upper_bound":604.9595165163532},"point_estimate":602.7010095759396,"standard_error":1.4024771342113842},"MedianAbsDev":{"confidence_interval":{"confidence_level":0.95,"lower_bound":7.46199780907325,"upper_bound":13.14312411326999},"point_estimate":9.725088191982131,"standard_error":1.4912914062529907},"Slope":{"confidence_interval":{"confidence_level":0.95,"lower_bound":602.6853695169741,"upper_bound":609.9771572128112},"point_estimate":606.0546659796428,"standard_error":1.8705402433929093},"StdDev":{"confidence_interval":{"confidence_level":0.95,"lower_bound":12.94769743427003,"upper_bound":78.06794963349078},"point_estimate":49.3493243842411,"standard_error":17.915398894633242}}