{"Mean":{"confidence_interval":{"confidence_level":0.95,"lower_bound":581.5674622613974,"upper_bound":590.7714481891728},"point_estimate":585.373679404101,"standard_error":2.397611583894472},"Median":{"confidence_interval":{"confidence_level":0.95,"lower_bound":579.8427604278154,"upper_bound":583.8078482939347},"point_estimate":580.8005966058877,"standard_error":0.9766831411823004},"MedianAbsDev":{"confidence_interval":{"confidence_level":0.95,"lower_bound":6.630911113943777,"upper_bound":10.612137755244591},"point_estimate":8.927237281800375,"standard_error":0.9359571654113851},"Slope":{"confidence_interval":{"confidence_level":0.95,"lower_bound":580.4629349695563,"upper_bound":584.7870596561324},"point_estimate":582.5456926944245,"standard_error":1.1077810388915954},"StdDev":{"confidence_interval":{"confidence_level":0.95,"lower_bound":9.265048037361812,"upper_bound":38.551280994536924},"point_estimate":24.175568136743145,"standard_error":9.296220876197498}}