{"Mean":{"confidence_interval":{"confidence_level":0.95,"lower_bound":606.2531933300359,"upper_bound":624.2549505868593},"point_estimate":613.6879178954755,"standard_error":4.719117449235958},"Median":{"confidence_interval":{"confidence_level":0.95,"lower_bound":604.1558456393105,"upper_bound":609.624013986014},"point_estimate":607.5621812596006,"standard_error":1.5092089172784589},"MedianAbsDev":{"confidence_interval":{"confidence_level":0.95,"lower_bound":8.09834944927804,"upper_bound":12.762999696020287},"point_estimate":10.687065306420513,"standard_error":1.2278469865581785},"Slope":{"confidence_interval":{"confidence_level":0.95,"lower_bound":606.4320440036091,"upper_bound":610.3723247288729},"point_estimate":608.389695373248,"standard_error":1.0044809305772777},"StdDev":{"confidence_interval":{"confidence_level":0.95,"lower_bound":9.118928207759598,"upper_bound":73.7522670420231},"point_estimate":47.17445222192752,"standard_error":17.653714137309443}}