{"Mean":{"confidence_interval":{"confidence_level":0.95,"lower_bound":428.618794277057,"upper_bound":431.3167221521815},"point_estimate":429.92404066497,"standard_error":0.6874527600836791},"Median":{"confidence_interval":{"confidence_level":0.95,"lower_bound":427.4043847318339,"upper_bound":429.51700180360496},"point_estimate":428.09326062227433,"standard_error":0.5136784126249809},"MedianAbsDev":{"confidence_interval":{"confidence_level":0.95,"lower_bound":2.9769100692105956,"upper_bound":5.074309908870411},"point_estimate":3.913958671611746,"standard_error":0.5124823518488499},"Slope":{"confidence_interval":{"confidence_level":0.95,"lower_bound":428.90349492402186,"upper_bound":432.3145360370286},"point_estimate":430.53641998519174,"standard_error":0.8724412702738861},"StdDev":{"confidence_interval":{"confidence_level":0.95,"lower_bound":5.043369901808429,"upper_bound":8.56308318308263},"point_estimate":6.882979276276786,"standard_error":0.9021301843607898}}