{"Mean":{"confidence_interval":{"confidence_level":0.95,"lower_bound":605.0500978741765,"upper_bound":615.1466971745882},"point_estimate":609.153164342051,"standard_error":2.654758916644606},"Median":{"confidence_interval":{"confidence_level":0.95,"lower_bound":602.9892024539878,"upper_bound":609.1320810933055},"point_estimate":606.9642749955461,"standard_error":1.699797994435723},"MedianAbsDev":{"confidence_interval":{"confidence_level":0.95,"lower_bound":8.572942425279564,"upper_bound":13.70877583955413},"point_estimate":11.102248223874088,"standard_error":1.3101244827117715},"Slope":{"confidence_interval":{"confidence_level":0.95,"lower_bound":605.9085582134402,"upper_bound":609.8394305519365},"point_estimate":607.8711580486681,"standard_error":0.9984981786094221},"StdDev":{"confidence_interval":{"confidence_level":0.95,"lower_bound":10.084990257638776,"upper_bound":43.02195880575154},"point_estimate":26.641278027300654,"standard_error":10.928532853835035}}