{"Mean":{"confidence_interval":{"confidence_level":0.95,"lower_bound":393.15296268521564,"upper_bound":395.74123343338647},"point_estimate":394.30576825346515,"standard_error":0.6621269240177762},"Median":{"confidence_interval":{"confidence_level":0.95,"lower_bound":393.17972723850704,"upper_bound":394.6809655718243},"point_estimate":394.08239508386777,"standard_error":0.36004924467610167},"MedianAbsDev":{"confidence_interval":{"confidence_level":0.95,"lower_bound":1.9252741979308223,"upper_bound":3.382775321362839},"point_estimate":2.809901763453303,"standard_error":0.3714128181877937},"Slope":{"confidence_interval":{"confidence_level":0.95,"lower_bound":393.8579232395139,"upper_bound":394.87873652470404},"point_estimate":394.39560871449,"standard_error":0.260639821263475},"StdDev":{"confidence_interval":{"confidence_level":0.95,"lower_bound":3.264677605157196,"upper_bound":9.67092884331198},"point_estimate":6.6314245929799736,"standard_error":1.6865867370382537}}