{"Mean":{"confidence_interval":{"confidence_level":0.95,"lower_bound":582.6575677967736,"upper_bound":590.5478693743765},"point_estimate":585.8781847744476,"standard_error":2.064659078334333},"Median":{"confidence_interval":{"confidence_level":0.95,"lower_bound":581.0982086482086,"upper_bound":583.8084814582351},"point_estimate":582.2397863486099,"standard_error":0.6691388323192357},"MedianAbsDev":{"confidence_interval":{"confidence_level":0.95,"lower_bound":5.609086701765511,"upper_bound":10.951290286711219},"point_estimate":7.561399506752686,"standard_error":1.3544980475434014},"Slope":{"confidence_interval":{"confidence_level":0.95,"lower_bound":583.3975249503769,"upper_bound":586.6066912808761},"point_estimate":584.9673910777927,"standard_error":0.8174392402844036},"StdDev":{"confidence_interval":{"confidence_level":0.95,"lower_bound":7.5435019040709355,"upper_bound":33.33647143225998},"point_estimate":20.75705228360795,"standard_error":8.22494758979814}}