{"Mean":{"confidence_interval":{"confidence_level":0.95,"lower_bound":378.5810878166216,"upper_bound":380.98172956063803},"point_estimate":379.73430868335794,"standard_error":0.6135490690299729},"Median":{"confidence_interval":{"confidence_level":0.95,"lower_bound":377.7517053503324,"upper_bound":379.3084530468684},"point_estimate":378.34932531774143,"standard_error":0.4040219553208797},"MedianAbsDev":{"confidence_interval":{"confidence_level":0.95,"lower_bound":2.8932765225481067,"upper_bound":5.18832776342806},"point_estimate":4.062217991409329,"standard_error":0.5843801568289713},"Slope":{"confidence_interval":{"confidence_level":0.95,"lower_bound":377.99974732233,"upper_bound":379.8059780909225},"point_estimate":378.8866882040846,"standard_error":0.4605595566861509},"StdDev":{"confidence_interval":{"confidence_level":0.95,"lower_bound":4.839779488940056,"upper_bound":7.3306723867912815},"point_estimate":6.18705351664248,"standard_error":0.6363974985388012}}