{"Mean":{"confidence_interval":{"confidence_level":0.95,"lower_bound":585.5382022833724,"upper_bound":602.7799194857678},"point_estimate":592.7871712106244,"standard_error":4.5013148482298755},"Median":{"confidence_interval":{"confidence_level":0.95,"lower_bound":582.1198496629165,"upper_bound":585.4583333333334},"point_estimate":584.0821504169298,"standard_error":0.9914439836437415},"MedianAbsDev":{"confidence_interval":{"confidence_level":0.95,"lower_bound":5.338460950325466,"upper_bound":9.503512697825427},"point_estimate":7.721595176907635,"standard_error":1.1107627123988035},"Slope":{"confidence_interval":{"confidence_level":0.95,"lower_bound":582.3781615787005,"upper_bound":586.0947844992234},"point_estimate":584.0294642700812,"standard_error":0.9560395379555056},"StdDev":{"confidence_interval":{"confidence_level":0.95,"lower_bound":10.183392088657993,"upper_bound":70.39291669860872},"point_estimate":45.22378816526753,"standard_error":16.327045166409945}}