{"Mean":{"confidence_interval":{"confidence_level":0.95,"lower_bound":1724.6363532790992,"upper_bound":1781.5174952229722},"point_estimate":1748.4726508299375,"standard_error":14.983904608700028},"Median":{"confidence_interval":{"confidence_level":0.95,"lower_bound":1721.3940731136022,"upper_bound":1725.548464799589},"point_estimate":1723.7352517985612,"standard_error":1.1177915553869635},"MedianAbsDev":{"confidence_interval":{"confidence_level":0.95,"lower_bound":6.0137663573397555,"upper_bound":9.413728049844693},"point_estimate":7.846735196037159,"standard_error":0.8687370161981799},"Slope":{"confidence_interval":{"confidence_level":0.95,"lower_bound":1721.3954039609323,"upper_bound":1724.2941129054946},"point_estimate":1722.8113569395703,"standard_error":0.740282075741362},"StdDev":{"confidence_interval":{"confidence_level":0.95,"lower_bound":9.021423732963202,"upper_bound":233.6316836920557},"point_estimate":150.72796730428496,"standard_error":57.69688405666739}}