{"Mean":{"confidence_interval":{"confidence_level":0.95,"lower_bound":1831.0174178220918,"upper_bound":1901.3166880030487},"point_estimate":1859.3600413115207,"standard_error":19.026434655409872},"Median":{"confidence_interval":{"confidence_level":0.95,"lower_bound":1826.6228741850464,"upper_bound":1831.4792445528078},"point_estimate":1828.8833580246915,"standard_error":1.2877207103515595},"MedianAbsDev":{"confidence_interval":{"confidence_level":0.95,"lower_bound":8.204522668583875,"upper_bound":15.00159705418963},"point_estimate":11.575889184934958,"standard_error":1.848699450247821},"Slope":{"confidence_interval":{"confidence_level":0.95,"lower_bound":1829.958092866767,"upper_bound":1835.629515019438},"point_estimate":1832.6320682013475,"standard_error":1.4466814200209352},"StdDev":{"confidence_interval":{"confidence_level":0.95,"lower_bound":13.304509735316689,"upper_bound":300.70760629758735},"point_estimate":191.18545577589057,"standard_error":78.7269618710815}}