{"Mean":{"confidence_interval":{"confidence_level":0.95,"lower_bound":2099.048618402294,"upper_bound":2154.725111246249},"point_estimate":2122.6131483292716,"standard_error":14.428872972201395},"Median":{"confidence_interval":{"confidence_level":0.95,"lower_bound":2090.7299553882044,"upper_bound":2095.6493971649093},"point_estimate":2092.9445051610664,"standard_error":1.2845582397394404},"MedianAbsDev":{"confidence_interval":{"confidence_level":0.95,"lower_bound":7.240359980648017,"upper_bound":12.610149651889218},"point_estimate":10.274080132132191,"standard_error":1.4090264175972478},"Slope":{"confidence_interval":{"confidence_level":0.95,"lower_bound":2093.9744158706762,"upper_bound":2102.6291527352964},"point_estimate":2098.030784248043,"standard_error":2.2143862527231617},"StdDev":{"confidence_interval":{"confidence_level":0.95,"lower_bound":30.229809417606216,"upper_bound":223.41938800114443},"point_estimate":144.5832624684079,"standard_error":50.58248357497332}}