{"Mean":{"confidence_interval":{"confidence_level":0.95,"lower_bound":2137.468739547316,"upper_bound":2227.8110326647443},"point_estimate":2173.0520005491276,"standard_error":24.0012700848752},"Median":{"confidence_interval":{"confidence_level":0.95,"lower_bound":2128.0944542394036,"upper_bound":2136.8131054131054},"point_estimate":2130.5652492263484,"standard_error":2.092685591651592},"MedianAbsDev":{"confidence_interval":{"confidence_level":0.95,"lower_bound":10.98750059132297,"upper_bound":20.289070972796456},"point_estimate":14.09214082935962,"standard_error":2.2631937708026726},"Slope":{"confidence_interval":{"confidence_level":0.95,"lower_bound":2135.142505359372,"upper_bound":2154.390953652866},"point_estimate":2143.8683219533204,"standard_error":4.944586485713259},"StdDev":{"confidence_interval":{"confidence_level":0.95,"lower_bound":28.564441519976363,"upper_bound":393.774485340545},"point_estimate":241.23856975445645,"standard_error":103.91712438099378}}