{"Mean":{"confidence_interval":{"confidence_level":0.95,"lower_bound":2070.2750654957786,"upper_bound":2102.876902171026},"point_estimate":2082.2783458375993,"standard_error":9.197451736531917},"Median":{"confidence_interval":{"confidence_level":0.95,"lower_bound":2065.1726477337925,"upper_bound":2069.4669056152925},"point_estimate":2067.5424390611674,"standard_error":1.148333692719},"MedianAbsDev":{"confidence_interval":{"confidence_level":0.95,"lower_bound":7.304533907227995,"upper_bound":13.240153993679375},"point_estimate":10.175217992246727,"standard_error":1.618300701159656},"Slope":{"confidence_interval":{"confidence_level":0.95,"lower_bound":2068.8782339331938,"upper_bound":2078.8475005733503},"point_estimate":2073.4778657526804,"standard_error":2.5563663232457032},"StdDev":{"confidence_interval":{"confidence_level":0.95,"lower_bound":15.53464450789704,"upper_bound":155.9376493294595},"point_estimate":92.35584669756713,"standard_error":48.19953451865111}}