{"Mean":{"confidence_interval":{"confidence_level":0.95,"lower_bound":680.4746686469517,"upper_bound":687.9762879302572},"point_estimate":683.7566642520849,"standard_error":1.9193013672698565},"Median":{"confidence_interval":{"confidence_level":0.95,"lower_bound":680.1952593545137,"upper_bound":684.6356209379203},"point_estimate":682.1241247183516,"standard_error":1.3383826154185305},"MedianAbsDev":{"confidence_interval":{"confidence_level":0.95,"lower_bound":7.964941834450642,"upper_bound":13.624871612973891},"point_estimate":10.890814313390193,"standard_error":1.4420193418141842},"Slope":{"confidence_interval":{"confidence_level":0.95,"lower_bound":680.5049550289883,"upper_bound":684.3764843942599},"point_estimate":682.4522001039002,"standard_error":0.9901642816133379},"StdDev":{"confidence_interval":{"confidence_level":0.95,"lower_bound":10.28899074109359,"upper_bound":29.265050989715},"point_estimate":19.374584130108424,"standard_error":5.878407496791286}}