{"Mean":{"confidence_interval":{"confidence_level":0.95,"lower_bound":683.4270480712813,"upper_bound":706.6805066417671},"point_estimate":693.0716692544519,"standard_error":6.062335661084618},"Median":{"confidence_interval":{"confidence_level":0.95,"lower_bound":679.8892563746932,"upper_bound":685.9838045103302},"point_estimate":682.4572399445215,"standard_error":1.539719545288185},"MedianAbsDev":{"confidence_interval":{"confidence_level":0.95,"lower_bound":9.10519554072202,"upper_bound":14.370168091513374},"point_estimate":12.048284978184602,"standard_error":1.3635276282924833},"Slope":{"confidence_interval":{"confidence_level":0.95,"lower_bound":682.7265576153874,"upper_bound":687.1108425408121},"point_estimate":684.8966813021584,"standard_error":1.1186718249858194},"StdDev":{"confidence_interval":{"confidence_level":0.95,"lower_bound":12.009712848280625,"upper_bound":95.1097988607471},"point_estimate":60.882856397537566,"standard_error":22.442673840385748}}