{"Mean":{"confidence_interval":{"confidence_level":0.95,"lower_bound":690.4146865023797,"upper_bound":699.7836922236959},"point_estimate":694.6634254482082,"standard_error":2.3942781913944087},"Median":{"confidence_interval":{"confidence_level":0.95,"lower_bound":686.2649949283632,"upper_bound":691.5126780529072},"point_estimate":689.1689642443292,"standard_error":1.345520893008461},"MedianAbsDev":{"confidence_interval":{"confidence_level":0.95,"lower_bound":8.269471551830298,"upper_bound":14.225796176494043},"point_estimate":10.677711642510022,"standard_error":1.5061326492392049},"Slope":{"confidence_interval":{"confidence_level":0.95,"lower_bound":688.9646441204817,"upper_bound":697.421322546954},"point_estimate":692.9594126080316,"standard_error":2.168878266598475},"StdDev":{"confidence_interval":{"confidence_level":0.95,"lower_bound":13.906979725319141,"upper_bound":34.17543580760844},"point_estimate":24.115642077942233,"standard_error":5.376398925063766}}