{"Mean":{"confidence_interval":{"confidence_level":0.95,"lower_bound":684.6445964624423,"upper_bound":694.627771717739},"point_estimate":689.0629256978973,"standard_error":2.5597721165455734},"Median":{"confidence_interval":{"confidence_level":0.95,"lower_bound":683.5376441945782,"upper_bound":688.0036961283257},"point_estimate":685.2444735899694,"standard_error":1.2627769949146481},"MedianAbsDev":{"confidence_interval":{"confidence_level":0.95,"lower_bound":9.440212339327955,"upper_bound":16.988978914951183},"point_estimate":11.68768027547534,"standard_error":1.9838502350969744},"Slope":{"confidence_interval":{"confidence_level":0.95,"lower_bound":683.2178363157846,"upper_bound":690.3732356510338},"point_estimate":686.559777484591,"standard_error":1.8323284622337972},"StdDev":{"confidence_interval":{"confidence_level":0.95,"lower_bound":13.764812414970729,"upper_bound":38.32012041719718},"point_estimate":25.68725615149702,"standard_error":7.373823787773958}}