{"Mean":{"confidence_interval":{"confidence_level":0.95,"lower_bound":469.09733388579707,"upper_bound":475.15208540089753},"point_estimate":471.71269439305286,"standard_error":1.561640087827873},"Median":{"confidence_interval":{"confidence_level":0.95,"lower_bound":468.04829318827,"upper_bound":471.62194382703575},"point_estimate":469.9211516389734,"standard_error":1.1083685575090865},"MedianAbsDev":{"confidence_interval":{"confidence_level":0.95,"lower_bound":5.5116286840724165,"upper_bound":9.38940683440481},"point_estimate":7.398984842760224,"standard_error":1.0209060610947014},"Slope":{"confidence_interval":{"confidence_level":0.95,"lower_bound":465.9271464655692,"upper_bound":468.5914567084158},"point_estimate":467.2282871831273,"standard_error":0.6810245269910842},"StdDev":{"confidence_interval":{"confidence_level":0.95,"lower_bound":7.215800677231356,"upper_bound":24.233981899446448},"point_estimate":15.774733004711527,"standard_error":5.048898827829893}}