{"Mean":{"confidence_interval":{"confidence_level":0.95,"lower_bound":697.0775184325827,"upper_bound":704.7563019950228},"point_estimate":700.4330709595331,"standard_error":1.9714088467511264},"Median":{"confidence_interval":{"confidence_level":0.95,"lower_bound":694.5118487131199,"upper_bound":700.1872697126013},"point_estimate":697.4360221419076,"standard_error":1.4929452843878395},"MedianAbsDev":{"confidence_interval":{"confidence_level":0.95,"lower_bound":8.204028352085373,"upper_bound":12.990782219593045},"point_estimate":11.022389155302173,"standard_error":1.2522007875856516},"Slope":{"confidence_interval":{"confidence_level":0.95,"lower_bound":696.8607247755491,"upper_bound":701.4710234594285},"point_estimate":699.1132502218727,"standard_error":1.1767592651580652},"StdDev":{"confidence_interval":{"confidence_level":0.95,"lower_bound":9.997223886534472,"upper_bound":30.135941585476086},"point_estimate":19.853558771120174,"standard_error":6.13663950574527}}