{"Mean":{"confidence_interval":{"confidence_level":0.95,"lower_bound":468.9545977402006,"upper_bound":473.2598470432222},"point_estimate":471.03204390173494,"standard_error":1.0998609838383697},"Median":{"confidence_interval":{"confidence_level":0.95,"lower_bound":467.327393701412,"upper_bound":471.0470508549042},"point_estimate":468.9377929133056,"standard_error":0.9733892446569655},"MedianAbsDev":{"confidence_interval":{"confidence_level":0.95,"lower_bound":5.960679209306872,"upper_bound":10.158417878685343},"point_estimate":8.487512901498222,"standard_error":1.1183500434580071},"Slope":{"confidence_interval":{"confidence_level":0.95,"lower_bound":466.5740008727488,"upper_bound":469.6014796333185},"point_estimate":468.05567760276847,"standard_error":0.7687912427566213},"StdDev":{"confidence_interval":{"confidence_level":0.95,"lower_bound":8.587003060660669,"upper_bound":13.29488729207365},"point_estimate":11.070764455094213,"standard_error":1.2070887365853127}}