{"Mean":{"confidence_interval":{"confidence_level":0.95,"lower_bound":750.0583111191883,"upper_bound":770.3843851440777},"point_estimate":757.4737482239402,"standard_error":5.6758341711814655},"Median":{"confidence_interval":{"confidence_level":0.95,"lower_bound":748.0236424092807,"upper_bound":750.1089889056984},"point_estimate":749.0295202015404,"standard_error":0.5541552895165176},"MedianAbsDev":{"confidence_interval":{"confidence_level":0.95,"lower_bound":2.498574528937555,"upper_bound":4.818412840928797},"point_estimate":3.652407883237573,"standard_error":0.6500067955159167},"Slope":{"confidence_interval":{"confidence_level":0.95,"lower_bound":750.312869109161,"upper_bound":752.7779676158287},"point_estimate":751.5163881451031,"standard_error":0.6299815356227295},"StdDev":{"confidence_interval":{"confidence_level":0.95,"lower_bound":4.762712596710962,"upper_bound":96.30504615928642},"point_estimate":57.02438786661563,"standard_error":29.525379008458135}}