{"Mean":{"confidence_interval":{"confidence_level":0.95,"lower_bound":522.0296826963091,"upper_bound":525.5106794293714},"point_estimate":523.7289364456769,"standard_error":0.8905687511532754},"Median":{"confidence_interval":{"confidence_level":0.95,"lower_bound":521.0376630355137,"upper_bound":523.3118551853842},"point_estimate":522.3969994138049,"standard_error":0.6643250199627717},"MedianAbsDev":{"confidence_interval":{"confidence_level":0.95,"lower_bound":4.696536784730577,"upper_bound":8.236714201526523},"point_estimate":6.536882577806707,"standard_error":0.9231080455098385},"Slope":{"confidence_interval":{"confidence_level":0.95,"lower_bound":521.3518370012714,"upper_bound":523.4119461276126},"point_estimate":522.3540322361252,"standard_error":0.524248204594863},"StdDev":{"confidence_interval":{"confidence_level":0.95,"lower_bound":6.4568885707034624,"upper_bound":11.319642341583553},"point_estimate":8.974110113381785,"standard_error":1.245198819120758}}