{"Mean":{"confidence_interval":{"confidence_level":0.95,"lower_bound":-0.01845713906005186,"upper_bound":-0.007178618378674379},"point_estimate":-0.012372893267116214,"standard_error":0.0028876072895493475},"Median":{"confidence_interval":{"confidence_level":0.95,"lower_bound":-0.014384783652870992,"upper_bound":-0.004644963905934727},"point_estimate":-0.009477125233845252,"standard_error":0.0022872154803476193}}