{"Mean":{"confidence_interval":{"confidence_level":0.95,"lower_bound":-0.006310738538873969,"upper_bound":0.00423394921700661},"point_estimate":-0.0007576642995644756,"standard_error":0.002694660324893549},"Median":{"confidence_interval":{"confidence_level":0.95,"lower_bound":-0.00031369921552448776,"upper_bound":0.0065432049912117485},"point_estimate":0.0024823350942340117,"standard_error":0.0016959922409756068}}