{"Mean":{"confidence_interval":{"confidence_level":0.95,"lower_bound":0.0009979342048190409,"upper_bound":0.010121981812972126},"point_estimate":0.005612640711317507,"standard_error":0.0023254439779325535},"Median":{"confidence_interval":{"confidence_level":0.95,"lower_bound":0.0046848209214955805,"upper_bound":0.01158127747565385},"point_estimate":0.008309154130752061,"standard_error":0.0017053640016707935}}