{"Mean":{"confidence_interval":{"confidence_level":0.95,"lower_bound":-0.0030043186639990747,"upper_bound":0.011459406645172386},"point_estimate":0.003519616062565456,"standard_error":0.0037878514685705292},"Median":{"confidence_interval":{"confidence_level":0.95,"lower_bound":-0.0021771549045064478,"upper_bound":0.004689484557127552},"point_estimate":0.0008884675669558195,"standard_error":0.0017436865736890031}}