{"Mean":{"confidence_interval":{"confidence_level":0.95,"lower_bound":155664.43233230006,"upper_bound":157809.83852070986},"point_estimate":156597.2025902098,"standard_error":552.6190290537396},"Median":{"confidence_interval":{"confidence_level":0.95,"lower_bound":154778.8917844061,"upper_bound":155361.5088487502},"point_estimate":155061.24311565695,"standard_error":157.82262248055497},"MedianAbsDev":{"confidence_interval":{"confidence_level":0.95,"lower_bound":890.2373469766483,"upper_bound":1622.4628786171224},"point_estimate":1256.8374176959724,"standard_error":181.3294544291615},"Slope":{"confidence_interval":{"confidence_level":0.95,"lower_bound":155694.93336411397,"upper_bound":157350.92529205658},"point_estimate":156489.73555405435,"standard_error":422.5687710269573},"StdDev":{"confidence_interval":{"confidence_level":0.95,"lower_bound":2377.8890014028043,"upper_bound":8402.068596337713},"point_estimate":5556.847751976174,"standard_error":1637.525874605039}}