{"Mean":{"confidence_interval":{"confidence_level":0.95,"lower_bound":154494.34775560393,"upper_bound":158727.7892545575},"point_estimate":156211.02355405866,"standard_error":1115.2820838982561},"Median":{"confidence_interval":{"confidence_level":0.95,"lower_bound":153912.61011904763,"upper_bound":154171.15331797235},"point_estimate":153980.87446013288,"standard_error":60.68684952734887},"MedianAbsDev":{"confidence_interval":{"confidence_level":0.95,"lower_bound":376.4771229276712,"upper_bound":713.4378585880382},"point_estimate":481.650107395388,"standard_error":87.48039941769602},"Slope":{"confidence_interval":{"confidence_level":0.95,"lower_bound":154153.75598642943,"upper_bound":154903.0398067702},"point_estimate":154498.68583335093,"standard_error":191.82897420808195},"StdDev":{"confidence_interval":{"confidence_level":0.95,"lower_bound":1677.2221339644532,"upper_bound":18036.056004751073},"point_estimate":11198.292141162112,"standard_error":4511.885240724089}}