{"Mean":{"confidence_interval":{"confidence_level":0.95,"lower_bound":1724.3054355247798,"upper_bound":1770.4267141214468},"point_estimate":1742.8984331603142,"standard_error":12.369399366874744},"Median":{"confidence_interval":{"confidence_level":0.95,"lower_bound":1719.8420168067228,"upper_bound":1723.2156567890313},"point_estimate":1720.6121722267503,"standard_error":0.7178043223153785},"MedianAbsDev":{"confidence_interval":{"confidence_level":0.95,"lower_bound":2.802434845949703,"upper_bound":6.5060325278522},"point_estimate":4.117872385047051,"standard_error":0.9182367232177883},"Slope":{"confidence_interval":{"confidence_level":0.95,"lower_bound":1721.9343822264111,"upper_bound":1726.1487401443737},"point_estimate":1723.9232568632003,"standard_error":1.0748283130129848},"StdDev":{"confidence_interval":{"confidence_level":0.95,"lower_bound":9.605767630087229,"upper_bound":196.3772435645732},"point_estimate":124.44274949065394,"standard_error":50.93363103295096}}