{"Mean":{"confidence_interval":{"confidence_level":0.95,"lower_bound":2011.519448921258,"upper_bound":2041.1168600889634},"point_estimate":2023.4201587840037,"standard_error":7.81170554980467},"Median":{"confidence_interval":{"confidence_level":0.95,"lower_bound":2007.511444028298,"upper_bound":2012.3261683764858},"point_estimate":2010.103652017425,"standard_error":1.179689375399138},"MedianAbsDev":{"confidence_interval":{"confidence_level":0.95,"lower_bound":6.696889204886971,"upper_bound":10.943377213259819},"point_estimate":8.6743463328086,"standard_error":1.0286880236830198},"Slope":{"confidence_interval":{"confidence_level":0.95,"lower_bound":2009.7381915408316,"upper_bound":2016.5901040518163},"point_estimate":2012.9136993417605,"standard_error":1.7502568182501401},"StdDev":{"confidence_interval":{"confidence_level":0.95,"lower_bound":12.739073485792245,"upper_bound":126.949624659109},"point_estimate":78.5213339806435,"standard_error":31.980144125490902}}