{"Mean":{"confidence_interval":{"confidence_level":0.95,"lower_bound":1796.655414380538,"upper_bound":1820.062833213526},"point_estimate":1805.6264072399101,"standard_error":6.264859936288389},"Median":{"confidence_interval":{"confidence_level":0.95,"lower_bound":1791.8694444444445,"upper_bound":1801.3137445887446},"point_estimate":1797.0768099902896,"standard_error":2.1869412088749054},"MedianAbsDev":{"confidence_interval":{"confidence_level":0.95,"lower_bound":11.453124910302813,"upper_bound":18.681251848227863},"point_estimate":15.615153285275658,"standard_error":1.7950421812034374},"Slope":{"confidence_interval":{"confidence_level":0.95,"lower_bound":1796.1066435818884,"upper_bound":1803.6730764453534},"point_estimate":1799.8500585403956,"standard_error":1.9356120181416048},"StdDev":{"confidence_interval":{"confidence_level":0.95,"lower_bound":16.201297869916484,"upper_bound":104.4000698530903},"point_estimate":62.89900739510914,"standard_error":29.333376052018274}}