{"Mean":{"confidence_interval":{"confidence_level":0.95,"lower_bound":2177.016289057513,"upper_bound":2205.8780315627387},"point_estimate":2187.958646241656,"standard_error":7.9026370796407015},"Median":{"confidence_interval":{"confidence_level":0.95,"lower_bound":2170.4156316916487,"upper_bound":2175.8468320947222},"point_estimate":2173.2834981459655,"standard_error":1.1716054340579507},"MedianAbsDev":{"confidence_interval":{"confidence_level":0.95,"lower_bound":7.583565135127314,"upper_bound":13.455797155366236},"point_estimate":10.17137666349257,"standard_error":1.466321338685803},"Slope":{"confidence_interval":{"confidence_level":0.95,"lower_bound":2175.892338208565,"upper_bound":2188.1275120871824},"point_estimate":2181.338799014869,"standard_error":3.138193935025259},"StdDev":{"confidence_interval":{"confidence_level":0.95,"lower_bound":17.53159939070966,"upper_bound":132.5980545979149},"point_estimate":79.45558499732068,"standard_error":38.655170473278865}}