{"Mean":{"confidence_interval":{"confidence_level":0.95,"lower_bound":1993.7310781298843,"upper_bound":2057.532209348413},"point_estimate":2019.8579235064578,"standard_error":16.95605221333029},"Median":{"confidence_interval":{"confidence_level":0.95,"lower_bound":1986.8717310087172,"upper_bound":1994.2953258904301},"point_estimate":1990.7568420079374,"standard_error":1.9132074880487422},"MedianAbsDev":{"confidence_interval":{"confidence_level":0.95,"lower_bound":12.94419681752743,"upper_bound":20.48056410641166},"point_estimate":17.549308456567896,"standard_error":1.9585629166774279},"Slope":{"confidence_interval":{"confidence_level":0.95,"lower_bound":1987.843443711296,"upper_bound":1998.6541019833546},"point_estimate":1992.9121042687716,"standard_error":2.754686980458894},"StdDev":{"confidence_interval":{"confidence_level":0.95,"lower_bound":20.82370361427188,"upper_bound":266.4319392443719},"point_estimate":170.3312127017337,"standard_error":67.07662749332323}}