{"Mean":{"confidence_interval":{"confidence_level":0.95,"lower_bound":1745.0318348712804,"upper_bound":1791.0405523583186},"point_estimate":1764.4402812500316,"standard_error":12.018504757589463},"Median":{"confidence_interval":{"confidence_level":0.95,"lower_bound":1737.3667957980242,"upper_bound":1743.1655848639691},"point_estimate":1740.8796238793811,"standard_error":1.5189758932859085},"MedianAbsDev":{"confidence_interval":{"confidence_level":0.95,"lower_bound":9.75291741736581,"upper_bound":20.659681885490293},"point_estimate":14.823776124158046,"standard_error":2.8803622852002317},"Slope":{"confidence_interval":{"confidence_level":0.95,"lower_bound":1744.381849430696,"upper_bound":1760.3776895929736},"point_estimate":1751.9506787480377,"standard_error":4.079389200392017},"StdDev":{"confidence_interval":{"confidence_level":0.95,"lower_bound":25.713164562818438,"upper_bound":185.2937491661381},"point_estimate":120.90502105579546,"standard_error":42.80795434665591}}