{"Mean":{"confidence_interval":{"confidence_level":0.95,"lower_bound":-0.030564693042163225,"upper_bound":-0.018705051216471966},"point_estimate":-0.02477359351728936,"standard_error":0.0030266054335437434},"Median":{"confidence_interval":{"confidence_level":0.95,"lower_bound":-0.03303801127275374,"upper_bound":-0.016346772964544454},"point_estimate":-0.024127919585243296,"standard_error":0.0038633441801690194}}