{"Mean":{"confidence_interval":{"confidence_level":0.95,"lower_bound":-0.0050576881664308754,"upper_bound":0.0050946385187590655},"point_estimate":0.000055839158187298565,"standard_error":0.0025787007684993707},"Median":{"confidence_interval":{"confidence_level":0.95,"lower_bound":-0.003047662362395398,"upper_bound":0.004016741266006596},"point_estimate":0.0006100650388869422,"standard_error":0.0017329291149908912}}