{"Mean":{"confidence_interval":{"confidence_level":0.95,"lower_bound":-0.00466400294468496,"upper_bound":0.0070490666133300175},"point_estimate":0.0012149790205517874,"standard_error":0.0029940921274621024},"Median":{"confidence_interval":{"confidence_level":0.95,"lower_bound":-0.003752345925156386,"upper_bound":0.008587724036953626},"point_estimate":0.0029804958882673205,"standard_error":0.0032000761456730613}}