{"Mean":{"confidence_interval":{"confidence_level":0.95,"lower_bound":898868.9534964582,"upper_bound":902302.9362488285},"point_estimate":900561.2437094866,"standard_error":875.8892048704403},"Median":{"confidence_interval":{"confidence_level":0.95,"lower_bound":899030.8433333333,"upper_bound":900998.5254237289},"point_estimate":900249.1366872843,"standard_error":502.50057124523624},"MedianAbsDev":{"confidence_interval":{"confidence_level":0.95,"lower_bound":4458.191186280244,"upper_bound":8048.648350529032},"point_estimate":5763.644603072568,"standard_error":866.055366492842},"Slope":{"confidence_interval":{"confidence_level":0.95,"lower_bound":897313.5321118669,"upper_bound":899787.1774350117},"point_estimate":898541.976156347,"standard_error":631.8520784062886},"StdDev":{"confidence_interval":{"confidence_level":0.95,"lower_bound":6679.612356133076,"upper_bound":10830.99094772439},"point_estimate":8809.50858371318,"standard_error":1062.2705296899094}}