{"Mean":{"confidence_interval":{"confidence_level":0.95,"lower_bound":650654.9310317787,"upper_bound":656262.4713164464},"point_estimate":653039.3751738378,"standard_error":1444.3626785143101},"Median":{"confidence_interval":{"confidence_level":0.95,"lower_bound":648855.6242647059,"upper_bound":649755.5974967062},"point_estimate":649444.0277777778,"standard_error":253.398662495938},"MedianAbsDev":{"confidence_interval":{"confidence_level":0.95,"lower_bound":1122.7019784464608,"upper_bound":2255.2033559755955},"point_estimate":1725.507321670245,"standard_error":313.81151306748274},"Slope":{"confidence_interval":{"confidence_level":0.95,"lower_bound":649709.896672075,"upper_bound":651173.7308022978},"point_estimate":650408.5706664696,"standard_error":374.46733416303215},"StdDev":{"confidence_interval":{"confidence_level":0.95,"lower_bound":4443.658211346053,"upper_bound":22248.027040150395},"point_estimate":14514.561283217394,"standard_error":4734.205926027253}}