{"Mean":{"confidence_interval":{"confidence_level":0.95,"lower_bound":661367.6997311626,"upper_bound":664179.0460471464},"point_estimate":662688.720210499,"standard_error":717.1552604957915},"Median":{"confidence_interval":{"confidence_level":0.95,"lower_bound":660511.9085365854,"upper_bound":662702.5344827586},"point_estimate":661578.9842404306,"standard_error":571.9866444513498},"MedianAbsDev":{"confidence_interval":{"confidence_level":0.95,"lower_bound":3646.0897004065177,"upper_bound":6225.953246178089},"point_estimate":4873.929219624954,"standard_error":639.9769405654913},"Slope":{"confidence_interval":{"confidence_level":0.95,"lower_bound":661024.9477803118,"upper_bound":662909.4957675627},"point_estimate":661972.4035082016,"standard_error":482.0167227789371},"StdDev":{"confidence_interval":{"confidence_level":0.95,"lower_bound":4642.550949446943,"upper_bound":9681.471799516627},"point_estimate":7210.91056094715,"standard_error":1310.3738345705008}}