{"Mean":{"confidence_interval":{"confidence_level":0.95,"lower_bound":16994.530337996417,"upper_bound":17577.360275314128},"point_estimate":17243.157108648807,"standard_error":150.99373235061347},"Median":{"confidence_interval":{"confidence_level":0.95,"lower_bound":16873.01118298455,"upper_bound":17208.338859416446},"point_estimate":17040.055020283973,"standard_error":96.8911723520865},"MedianAbsDev":{"confidence_interval":{"confidence_level":0.95,"lower_bound":492.59244849226604,"upper_bound":801.8525152620979},"point_estimate":627.284117280865,"standard_error":76.74089892736288},"Slope":{"confidence_interval":{"confidence_level":0.95,"lower_bound":17067.273570828725,"upper_bound":17254.699405788426},"point_estimate":17162.33414746004,"standard_error":47.95438094784934},"StdDev":{"confidence_interval":{"confidence_level":0.95,"lower_bound":550.1352480022616,"upper_bound":2361.9505136012813},"point_estimate":1517.692067691413,"standard_error":505.8679201833797}}