{"Mean":{"confidence_interval":{"confidence_level":0.95,"lower_bound":14057.95431060422,"upper_bound":14760.422244097792},"point_estimate":14359.396263325585,"standard_error":180.40937853890088},"Median":{"confidence_interval":{"confidence_level":0.95,"lower_bound":13833.140206734868,"upper_bound":14061.993942179144},"point_estimate":13931.340643879174,"standard_error":71.16913996071642},"MedianAbsDev":{"confidence_interval":{"confidence_level":0.95,"lower_bound":273.5969224771693,"upper_bound":504.10654671208306},"point_estimate":380.1967693821319,"standard_error":59.15097183647874},"Slope":{"confidence_interval":{"confidence_level":0.95,"lower_bound":13874.31020906874,"upper_bound":14020.898115857022},"point_estimate":13947.046263571485,"standard_error":37.30972135580579},"StdDev":{"confidence_interval":{"confidence_level":0.95,"lower_bound":604.0733333725406,"upper_bound":2704.239255854122},"point_estimate":1812.9203123980617,"standard_error":561.8348350254691}}