{"Mean":{"confidence_interval":{"confidence_level":0.95,"lower_bound":17640.065351793935,"upper_bound":18257.069531711582},"point_estimate":17910.628006069757,"standard_error":159.12568057834116},"Median":{"confidence_interval":{"confidence_level":0.95,"lower_bound":17421.036466165413,"upper_bound":17635.60714285714},"point_estimate":17464.99850832761,"standard_error":51.81226125096253},"MedianAbsDev":{"confidence_interval":{"confidence_level":0.95,"lower_bound":253.57472616208926,"upper_bound":494.20669526924644},"point_estimate":343.4771517235797,"standard_error":58.141401654770874},"Slope":{"confidence_interval":{"confidence_level":0.95,"lower_bound":17546.590403567843,"upper_bound":17787.980323527638},"point_estimate":17661.442721769512,"standard_error":61.75630173752764},"StdDev":{"confidence_interval":{"confidence_level":0.95,"lower_bound":626.4965721209695,"upper_bound":2362.033344192295},"point_estimate":1597.1896519503189,"standard_error":447.8678222939052}}