{"Mean":{"confidence_interval":{"confidence_level":0.95,"lower_bound":15823.253162740992,"upper_bound":16448.656309548736},"point_estimate":16091.888809621953,"standard_error":161.5980700733341},"Median":{"confidence_interval":{"confidence_level":0.95,"lower_bound":15729.467475758056,"upper_bound":16000.214392059554},"point_estimate":15838.858565493647,"standard_error":64.69087882856242},"MedianAbsDev":{"confidence_interval":{"confidence_level":0.95,"lower_bound":508.2198481256285,"upper_bound":815.3721837904637},"point_estimate":668.6259713659122,"standard_error":74.84780999657156},"Slope":{"confidence_interval":{"confidence_level":0.95,"lower_bound":15792.29241003679,"upper_bound":16044.259570033362},"point_estimate":15918.778203044185,"standard_error":64.35168291347429},"StdDev":{"confidence_interval":{"confidence_level":0.95,"lower_bound":526.1062445678964,"upper_bound":2447.7385574317573},"point_estimate":1624.6913881881899,"standard_error":526.9732207176006}}