{"Mean":{"confidence_interval":{"confidence_level":0.95,"lower_bound":1283.268923877896,"upper_bound":1302.471783725679},"point_estimate":1291.2413727529788,"standard_error":5.008411779291224},"Median":{"confidence_interval":{"confidence_level":0.95,"lower_bound":1279.1340675090673,"upper_bound":1283.8404575081995},"point_estimate":1280.810372456237,"standard_error":1.1459505979642708},"MedianAbsDev":{"confidence_interval":{"confidence_level":0.95,"lower_bound":6.363488970484462,"upper_bound":10.635139052442973},"point_estimate":7.94452280690438,"standard_error":1.0687160303972965},"Slope":{"confidence_interval":{"confidence_level":0.95,"lower_bound":1281.4721610159033,"upper_bound":1288.0534985717914},"point_estimate":1284.4219530049588,"standard_error":1.683469346909247},"StdDev":{"confidence_interval":{"confidence_level":0.95,"lower_bound":11.158665063702916,"upper_bound":80.37613461360954},"point_estimate":50.331383460731,"standard_error":18.648866831722803}}