{"Mean":{"confidence_interval":{"confidence_level":0.95,"lower_bound":1232.3043734397172,"upper_bound":1250.116551342117},"point_estimate":1240.5665077432427,"standard_error":4.542122655242621},"Median":{"confidence_interval":{"confidence_level":0.95,"lower_bound":1225.7728771022962,"upper_bound":1243.8255806388654},"point_estimate":1231.9022828336047,"standard_error":4.502828507742723},"MedianAbsDev":{"confidence_interval":{"confidence_level":0.95,"lower_bound":24.0275942129789,"upper_bound":37.00183634651679},"point_estimate":30.247006019060446,"standard_error":3.1422923967826097},"Slope":{"confidence_interval":{"confidence_level":0.95,"lower_bound":1230.958982737369,"upper_bound":1242.3102857962676},"point_estimate":1236.626551191953,"standard_error":2.8964019219172537},"StdDev":{"confidence_interval":{"confidence_level":0.95,"lower_bound":29.211804862804748,"upper_bound":62.13849057968101},"point_estimate":45.75548614466562,"standard_error":8.698283043434854}}