{"Mean":{"confidence_interval":{"confidence_level":0.95,"lower_bound":1278.6917601109212,"upper_bound":1316.4284159757206},"point_estimate":1295.2200337454365,"standard_error":9.721840046279592},"Median":{"confidence_interval":{"confidence_level":0.95,"lower_bound":1271.3511889862327,"upper_bound":1285.4506850404848},"point_estimate":1279.115154359616,"standard_error":3.4465481798119106},"MedianAbsDev":{"confidence_interval":{"confidence_level":0.95,"lower_bound":21.76064926949097,"upper_bound":35.42435392327923},"point_estimate":26.45412892347627,"standard_error":3.4143712422918546},"Slope":{"confidence_interval":{"confidence_level":0.95,"lower_bound":1277.744588135254,"upper_bound":1289.0256571242933},"point_estimate":1283.3917803971383,"standard_error":2.8659327111704656},"StdDev":{"confidence_interval":{"confidence_level":0.95,"lower_bound":34.160828428279466,"upper_bound":144.46666270485883},"point_estimate":97.74496984539584,"standard_error":28.012587043672205}}