{"Mean":{"confidence_interval":{"confidence_level":0.95,"lower_bound":1291.5337090611617,"upper_bound":1342.819835510046},"point_estimate":1310.8275709204029,"standard_error":14.012186156176513},"Median":{"confidence_interval":{"confidence_level":0.95,"lower_bound":1286.2828575648446,"upper_bound":1300.5626255020081},"point_estimate":1291.4567899191393,"standard_error":4.001198931860817},"MedianAbsDev":{"confidence_interval":{"confidence_level":0.95,"lower_bound":25.916701372954556,"upper_bound":39.35467385102889},"point_estimate":33.04123791840119,"standard_error":3.4309928241774057},"Slope":{"confidence_interval":{"confidence_level":0.95,"lower_bound":1290.4152429924525,"upper_bound":1304.0729331449425},"point_estimate":1297.1289151364335,"standard_error":3.474610659950295},"StdDev":{"confidence_interval":{"confidence_level":0.95,"lower_bound":32.40442209303876,"upper_bound":234.94474358806394},"point_estimate":140.46610831494814,"standard_error":68.98968112948634}}