{"Mean":{"confidence_interval":{"confidence_level":0.95,"lower_bound":112.81867141960738,"upper_bound":113.8322932195551},"point_estimate":113.30930442552504,"standard_error":0.25828848124366144},"Median":{"confidence_interval":{"confidence_level":0.95,"lower_bound":112.27774293367997,"upper_bound":113.50378641145419},"point_estimate":113.0007380652016,"standard_error":0.2823463333571351},"MedianAbsDev":{"confidence_interval":{"confidence_level":0.95,"lower_bound":1.6283628644598094,"upper_bound":2.6286257266617037},"point_estimate":2.189883368481443,"standard_error":0.25020811049845737},"Slope":{"confidence_interval":{"confidence_level":0.95,"lower_bound":112.78572673620975,"upper_bound":113.58525485012791},"point_estimate":113.17897011781956,"standard_error":0.20437076856571457},"StdDev":{"confidence_interval":{"confidence_level":0.95,"lower_bound":2.073491383397118,"upper_bound":3.0819930027341296},"point_estimate":2.604196708195682,"standard_error":0.25799363782722073}}