{"Mean":{"confidence_interval":{"confidence_level":0.95,"lower_bound":189.82953211493424,"upper_bound":196.1542555416121},"point_estimate":192.49166334375292,"standard_error":1.6441524730331678},"Median":{"confidence_interval":{"confidence_level":0.95,"lower_bound":188.51338059799218,"upper_bound":189.89023213488548},"point_estimate":189.47287785915194,"standard_error":0.386862568181335},"MedianAbsDev":{"confidence_interval":{"confidence_level":0.95,"lower_bound":2.340095354862218,"upper_bound":3.884863655413084},"point_estimate":3.111865045762018,"standard_error":0.39009923794850987},"Slope":{"confidence_interval":{"confidence_level":0.95,"lower_bound":188.1618915761659,"upper_bound":190.33410771626652},"point_estimate":189.11876500581025,"standard_error":0.5559817099481863},"StdDev":{"confidence_interval":{"confidence_level":0.95,"lower_bound":4.139145510122639,"upper_bound":25.52512372847669},"point_estimate":16.52154847589776,"standard_error":5.718708404833683}}