{"Mean":{"confidence_interval":{"confidence_level":0.95,"lower_bound":189.10533296069715,"upper_bound":195.46226781206371},"point_estimate":191.79032170727575,"standard_error":1.664070775636132},"Median":{"confidence_interval":{"confidence_level":0.95,"lower_bound":187.79047879136635,"upper_bound":188.33293913591928},"point_estimate":188.06560294010626,"standard_error":0.15735978812392712},"MedianAbsDev":{"confidence_interval":{"confidence_level":0.95,"lower_bound":0.6713524567078765,"upper_bound":1.3340821356948493},"point_estimate":1.0204214451358915,"standard_error":0.18043288991863166},"Slope":{"confidence_interval":{"confidence_level":0.95,"lower_bound":188.26382565475492,"upper_bound":190.09168246227222},"point_estimate":189.06741670293493,"standard_error":0.4685813417944535},"StdDev":{"confidence_interval":{"confidence_level":0.95,"lower_bound":3.3573768070791137,"upper_bound":25.571520827549243},"point_estimate":16.708240329665735,"standard_error":5.965632379891159}}