{"Mean":{"confidence_interval":{"confidence_level":0.95,"lower_bound":179.2927251757138,"upper_bound":185.7298878564908},"point_estimate":181.8392392443178,"standard_error":1.713546968268118},"Median":{"confidence_interval":{"confidence_level":0.95,"lower_bound":178.70448508005822,"upper_bound":179.18549504534766},"point_estimate":178.9372894434148,"standard_error":0.1141273775763137},"MedianAbsDev":{"confidence_interval":{"confidence_level":0.95,"lower_bound":0.5700521073576738,"upper_bound":1.107097701029531},"point_estimate":0.8288954225031444,"standard_error":0.13861562954426832},"Slope":{"confidence_interval":{"confidence_level":0.95,"lower_bound":179.062018570037,"upper_bound":179.81352349917677},"point_estimate":179.41296082011579,"standard_error":0.19221958258777386},"StdDev":{"confidence_interval":{"confidence_level":0.95,"lower_bound":1.464153230186988,"upper_bound":27.601886379597367},"point_estimate":17.143922279428207,"standard_error":7.222674554069272}}