{"Mean":{"confidence_interval":{"confidence_level":0.95,"lower_bound":111.33539871099752,"upper_bound":112.07512140346687},"point_estimate":111.66863710899317,"standard_error":0.19015166197041575},"Median":{"confidence_interval":{"confidence_level":0.95,"lower_bound":111.05385227527175,"upper_bound":111.15326914464846},"point_estimate":111.08677909039423,"standard_error":0.02574966467028632},"MedianAbsDev":{"confidence_interval":{"confidence_level":0.95,"lower_bound":0.14249359308152243,"upper_bound":0.3386313092030568},"point_estimate":0.23456428230779533,"standard_error":0.050150999515697035},"Slope":{"confidence_interval":{"confidence_level":0.95,"lower_bound":111.17996572071031,"upper_bound":111.43531459331236},"point_estimate":111.29859820461128,"standard_error":0.06520964447308146},"StdDev":{"confidence_interval":{"confidence_level":0.95,"lower_bound":1.0090312906201881,"upper_bound":2.7214652508520154},"point_estimate":1.9084928056107278,"standard_error":0.44751563877481315}}