{"Mean":{"confidence_interval":{"confidence_level":0.95,"lower_bound":482.84713483272907,"upper_bound":487.231630971176},"point_estimate":484.88777483994454,"standard_error":1.117768763425613},"Median":{"confidence_interval":{"confidence_level":0.95,"lower_bound":481.2645373973195,"upper_bound":483.82071726791946},"point_estimate":482.8140184791474,"standard_error":0.7121677561643955},"MedianAbsDev":{"confidence_interval":{"confidence_level":0.95,"lower_bound":4.541344132305448,"upper_bound":7.802424900330213},"point_estimate":6.015641855600238,"standard_error":0.8443119358872535},"Slope":{"confidence_interval":{"confidence_level":0.95,"lower_bound":481.24530591927646,"upper_bound":483.41668476722975},"point_estimate":482.2892266889155,"standard_error":0.5534376954206273},"StdDev":{"confidence_interval":{"confidence_level":0.95,"lower_bound":7.214447242130523,"upper_bound":15.616661502358138},"point_estimate":11.27817687272896,"standard_error":2.269130283844948}}