{"Mean":{"confidence_interval":{"confidence_level":0.95,"lower_bound":189.5301540772514,"upper_bound":196.25869098385465},"point_estimate":192.2709269581774,"standard_error":1.7732149021234802},"Median":{"confidence_interval":{"confidence_level":0.95,"lower_bound":188.87932573746764,"upper_bound":189.3745480494767},"point_estimate":189.0962411350996,"standard_error":0.1262624942843263},"MedianAbsDev":{"confidence_interval":{"confidence_level":0.95,"lower_bound":0.5427579494547394,"upper_bound":1.0055223757636698},"point_estimate":0.690752626016946,"standard_error":0.11328246751651401},"Slope":{"confidence_interval":{"confidence_level":0.95,"lower_bound":189.05603282122865,"upper_bound":189.49590738014942},"point_estimate":189.26006017167603,"standard_error":0.11234038302840176},"StdDev":{"confidence_interval":{"confidence_level":0.95,"lower_bound":1.7109871755046435,"upper_bound":28.11174184901685},"point_estimate":17.79161763846373,"standard_error":7.0034977171470905}}