{"Mean":{"confidence_interval":{"confidence_level":0.95,"lower_bound":165.4969087080773,"upper_bound":170.11880268224144},"point_estimate":167.2145840493757,"standard_error":1.2540262173170118},"Median":{"confidence_interval":{"confidence_level":0.95,"lower_bound":165.0508566781034,"upper_bound":165.48254790544962},"point_estimate":165.169143081761,"standard_error":0.10747108955940884},"MedianAbsDev":{"confidence_interval":{"confidence_level":0.95,"lower_bound":0.4591642337363048,"upper_bound":0.945642485167829},"point_estimate":0.6835226878149688,"standard_error":0.121597149817497},"Slope":{"confidence_interval":{"confidence_level":0.95,"lower_bound":165.47156764783378,"upper_bound":166.13581059998498},"point_estimate":165.77544013539625,"standard_error":0.17104106140195524},"StdDev":{"confidence_interval":{"confidence_level":0.95,"lower_bound":1.070374011585842,"upper_bound":21.134867295816253},"point_estimate":12.63091513971867,"standard_error":6.160027631927104}}