{"Mean":{"confidence_interval":{"confidence_level":0.95,"lower_bound":2842.998803552091,"upper_bound":2880.5904368913316},"point_estimate":2858.5777116658933,"standard_error":9.785680499338284},"Median":{"confidence_interval":{"confidence_level":0.95,"lower_bound":2832.2814935790952,"upper_bound":2856.4181612140324},"point_estimate":2846.141771933522,"standard_error":5.488892500420985},"MedianAbsDev":{"confidence_interval":{"confidence_level":0.95,"lower_bound":34.03646295440747,"upper_bound":53.70183694910651},"point_estimate":42.22312586064474,"standard_error":5.154893209908981},"Slope":{"confidence_interval":{"confidence_level":0.95,"lower_bound":2845.105625355295,"upper_bound":2862.139972489184},"point_estimate":2853.702696937257,"standard_error":4.342251090513999},"StdDev":{"confidence_interval":{"confidence_level":0.95,"lower_bound":36.74641375358336,"upper_bound":157.9351962915844},"point_estimate":98.86211985064713,"standard_error":37.456421576644615}}