{"Mean":{"confidence_interval":{"confidence_level":0.95,"lower_bound":1678.288588149251,"upper_bound":1687.3613023748833},"point_estimate":1682.774186575483,"standard_error":2.3148925956474637},"Median":{"confidence_interval":{"confidence_level":0.95,"lower_bound":1679.4210724986435,"upper_bound":1685.018361035949},"point_estimate":1681.6650147858636,"standard_error":1.4323259634326029},"MedianAbsDev":{"confidence_interval":{"confidence_level":0.95,"lower_bound":12.14506838747192,"upper_bound":19.50749921519001},"point_estimate":16.800746507845318,"standard_error":1.8382478882085043},"Slope":{"confidence_interval":{"confidence_level":0.95,"lower_bound":1678.8399352758938,"upper_bound":1690.0799631013379},"point_estimate":1683.702171811721,"standard_error":2.9178523910272864},"StdDev":{"confidence_interval":{"confidence_level":0.95,"lower_bound":17.734915073578634,"upper_bound":28.196255894764338},"point_estimate":23.224710135432186,"standard_error":2.676852496615554}}