{"Mean":{"confidence_interval":{"confidence_level":0.95,"lower_bound":1631.8802744374764,"upper_bound":1637.4161337493963},"point_estimate":1634.3357956729817,"standard_error":1.4261767186330383},"Median":{"confidence_interval":{"confidence_level":0.95,"lower_bound":1630.2298994974874,"upper_bound":1631.1546684734535},"point_estimate":1630.5844110442101,"standard_error":0.2870803794134873},"MedianAbsDev":{"confidence_interval":{"confidence_level":0.95,"lower_bound":2.993669962367137,"upper_bound":5.1472955471068405},"point_estimate":3.8409019814039707,"standard_error":0.5278783726058662},"Slope":{"confidence_interval":{"confidence_level":0.95,"lower_bound":1632.0080405166273,"upper_bound":1634.3905805996803},"point_estimate":1633.163754915655,"standard_error":0.6078327118374038},"StdDev":{"confidence_interval":{"confidence_level":0.95,"lower_bound":6.3123763091672735,"upper_bound":20.884792431672718},"point_estimate":14.359735102435195,"standard_error":3.8102733700325766}}