{"Mean":{"confidence_interval":{"confidence_level":0.95,"lower_bound":2593.000754108915,"upper_bound":2651.9309514875986},"point_estimate":2617.1822104602816,"standard_error":15.503180062262505},"Median":{"confidence_interval":{"confidence_level":0.95,"lower_bound":2584.257085804548,"upper_bound":2592.763037903366},"point_estimate":2588.5267668015213,"standard_error":2.334889559622425},"MedianAbsDev":{"confidence_interval":{"confidence_level":0.95,"lower_bound":9.982532065740294,"upper_bound":17.72174120681491},"point_estimate":13.649043023048078,"standard_error":1.9741620354703577},"Slope":{"confidence_interval":{"confidence_level":0.95,"lower_bound":2588.072959360063,"upper_bound":2598.7908902863473},"point_estimate":2592.9178718613775,"standard_error":2.744109410907134},"StdDev":{"confidence_interval":{"confidence_level":0.95,"lower_bound":21.960359991511034,"upper_bound":246.56644246928442},"point_estimate":155.72284456817005,"standard_error":60.58143634984561}}