{"Mean":{"confidence_interval":{"confidence_level":0.95,"lower_bound":2810.4550614393906,"upper_bound":2857.246905944689},"point_estimate":2830.379953251726,"standard_error":12.156954307502172},"Median":{"confidence_interval":{"confidence_level":0.95,"lower_bound":2796.5936652460286,"upper_bound":2822.779716848893},"point_estimate":2808.747222057359,"standard_error":7.5891067250900806},"MedianAbsDev":{"confidence_interval":{"confidence_level":0.95,"lower_bound":33.42986046610314,"upper_bound":54.96260243546482},"point_estimate":41.23341570990855,"standard_error":5.42894683194528},"Slope":{"confidence_interval":{"confidence_level":0.95,"lower_bound":2804.3095362272547,"upper_bound":2818.435296207931},"point_estimate":2811.279457993406,"standard_error":3.6010371991679877},"StdDev":{"confidence_interval":{"confidence_level":0.95,"lower_bound":41.22507433528615,"upper_bound":189.65253253491338},"point_estimate":121.62284638199195,"standard_error":40.37561993155759}}