{"Mean":{"confidence_interval":{"confidence_level":0.95,"lower_bound":2642.9922801553757,"upper_bound":2671.3339842763035},"point_estimate":2654.425362963183,"standard_error":7.454105886452079},"Median":{"confidence_interval":{"confidence_level":0.95,"lower_bound":2637.7592907092903,"upper_bound":2641.058412898577},"point_estimate":2638.94631874378,"standard_error":0.782297881211582},"MedianAbsDev":{"confidence_interval":{"confidence_level":0.95,"lower_bound":5.507893128350915,"upper_bound":10.370825008621638},"point_estimate":7.901606717826516,"standard_error":1.2288469049199038},"Slope":{"confidence_interval":{"confidence_level":0.95,"lower_bound":2640.271911841414,"upper_bound":2647.0904347106875},"point_estimate":2643.4393722606637,"standard_error":1.7414328426033834},"StdDev":{"confidence_interval":{"confidence_level":0.95,"lower_bound":14.474694941306907,"upper_bound":122.04473535404045},"point_estimate":75.20450031109537,"standard_error":30.680338303743877}}