{"Mean":{"confidence_interval":{"confidence_level":0.95,"lower_bound":2910.6447060949367,"upper_bound":2979.4543172884037},"point_estimate":2940.5868117274945,"standard_error":17.73693276348967},"Median":{"confidence_interval":{"confidence_level":0.95,"lower_bound":2891.1221814006885,"upper_bound":2910.6199253731343},"point_estimate":2901.1546432294763,"standard_error":4.334931528734093},"MedianAbsDev":{"confidence_interval":{"confidence_level":0.95,"lower_bound":25.822436547286195,"upper_bound":44.49835695117725},"point_estimate":32.97200579874115,"standard_error":4.970651518860643},"Slope":{"confidence_interval":{"confidence_level":0.95,"lower_bound":2910.150453557618,"upper_bound":2944.515764327254},"point_estimate":2926.6063502202305,"standard_error":8.776650725212903},"StdDev":{"confidence_interval":{"confidence_level":0.95,"lower_bound":63.083238215195976,"upper_bound":266.52638894751595},"point_estimate":178.67325954387738,"standard_error":53.01034768102298}}