{"Mean":{"confidence_interval":{"confidence_level":0.95,"lower_bound":451.0010693209765,"upper_bound":454.4242910189925},"point_estimate":452.5447386584482,"standard_error":0.8758458619739928},"Median":{"confidence_interval":{"confidence_level":0.95,"lower_bound":450.2057770232934,"upper_bound":452.33638801857325},"point_estimate":451.35918032730785,"standard_error":0.6256663786738076},"MedianAbsDev":{"confidence_interval":{"confidence_level":0.95,"lower_bound":4.879902861941011,"upper_bound":7.047362130663196},"point_estimate":6.140642964375461,"standard_error":0.5492551230653412},"Slope":{"confidence_interval":{"confidence_level":0.95,"lower_bound":451.34449663793623,"upper_bound":453.6177969981804},"point_estimate":452.4834906881259,"standard_error":0.5801696781248684},"StdDev":{"confidence_interval":{"confidence_level":0.95,"lower_bound":4.922048859616459,"upper_bound":12.721233868234473},"point_estimate":8.8030746874259,"standard_error":2.13213905431132}}