{"Mean":{"confidence_interval":{"confidence_level":0.95,"lower_bound":473.60481197234003,"upper_bound":477.73223376391906},"point_estimate":475.6208385227547,"standard_error":1.0518026214697729},"Median":{"confidence_interval":{"confidence_level":0.95,"lower_bound":473.4682352941176,"upper_bound":478.7077268195414},"point_estimate":476.5721326462766,"standard_error":1.2790276248413535},"MedianAbsDev":{"confidence_interval":{"confidence_level":0.95,"lower_bound":7.748869420754285,"upper_bound":12.570027430135086},"point_estimate":10.806360405283396,"standard_error":1.2244823637638407},"Slope":{"confidence_interval":{"confidence_level":0.95,"lower_bound":475.10829530530015,"upper_bound":478.64963352723237},"point_estimate":476.91070383087475,"standard_error":0.9027251668220612},"StdDev":{"confidence_interval":{"confidence_level":0.95,"lower_bound":8.539730276074343,"upper_bound":12.667152801713112},"point_estimate":10.554725507659708,"standard_error":1.0679780170295956}}