{"Mean":{"confidence_interval":{"confidence_level":0.95,"lower_bound":678.0421471409963,"upper_bound":694.9613226316428},"point_estimate":684.6751033911497,"standard_error":4.487537123934447},"Median":{"confidence_interval":{"confidence_level":0.95,"lower_bound":674.4007757404795,"upper_bound":678.5379983924049},"point_estimate":676.2568945153486,"standard_error":1.1322374444463446},"MedianAbsDev":{"confidence_interval":{"confidence_level":0.95,"lower_bound":4.942766319453,"upper_bound":9.192388656705795},"point_estimate":6.537504135251674,"standard_error":1.1481215115621353},"Slope":{"confidence_interval":{"confidence_level":0.95,"lower_bound":678.3787509281645,"upper_bound":683.2525124348076},"point_estimate":680.7027394434494,"standard_error":1.2438402576663188},"StdDev":{"confidence_interval":{"confidence_level":0.95,"lower_bound":8.053665699405963,"upper_bound":73.91841299479019},"point_estimate":44.973885128094274,"standard_error":19.57257509037994}}