{"Mean":{"confidence_interval":{"confidence_level":0.95,"lower_bound":710.9234571883318,"upper_bound":730.2605271800204},"point_estimate":719.0378936766081,"standard_error":5.000541028036252},"Median":{"confidence_interval":{"confidence_level":0.95,"lower_bound":704.9121404962755,"upper_bound":711.5984867838408},"point_estimate":708.265585782114,"standard_error":1.4431428812743683},"MedianAbsDev":{"confidence_interval":{"confidence_level":0.95,"lower_bound":10.044982872015103,"upper_bound":18.2011228054313},"point_estimate":14.261244140961779,"standard_error":1.9842906142881822},"Slope":{"confidence_interval":{"confidence_level":0.95,"lower_bound":706.5622827355046,"upper_bound":712.6158254718471},"point_estimate":709.4604179290519,"standard_error":1.5486266713406416},"StdDev":{"confidence_interval":{"confidence_level":0.95,"lower_bound":15.22626248776245,"upper_bound":79.17564737267683},"point_estimate":50.342060812708304,"standard_error":17.576693408044576}}