{"Mean":{"confidence_interval":{"confidence_level":0.95,"lower_bound":697.236106125742,"upper_bound":713.8106522592072},"point_estimate":703.8435579084124,"standard_error":4.371524380572553},"Median":{"confidence_interval":{"confidence_level":0.95,"lower_bound":695.7879626886015,"upper_bound":700.385691617973},"point_estimate":697.5780394922426,"standard_error":1.252816991549625},"MedianAbsDev":{"confidence_interval":{"confidence_level":0.95,"lower_bound":7.0358341502679425,"upper_bound":12.436748085369212},"point_estimate":9.471133568899193,"standard_error":1.4709325805920044},"Slope":{"confidence_interval":{"confidence_level":0.95,"lower_bound":696.6790062275444,"upper_bound":700.4725088375116},"point_estimate":698.5451805169992,"standard_error":0.9654311584809613},"StdDev":{"confidence_interval":{"confidence_level":0.95,"lower_bound":9.080310183830601,"upper_bound":71.51160643685225},"point_estimate":43.8984130869031,"standard_error":18.227707737656687}}