{"Mean":{"confidence_interval":{"confidence_level":0.95,"lower_bound":701.856279745098,"upper_bound":719.3482625139916},"point_estimate":708.955829642583,"standard_error":4.576810507110826},"Median":{"confidence_interval":{"confidence_level":0.95,"lower_bound":698.4154744430618,"upper_bound":704.9495914559609},"point_estimate":702.5758802193914,"standard_error":1.7691582409132312},"MedianAbsDev":{"confidence_interval":{"confidence_level":0.95,"lower_bound":9.22297795607297,"upper_bound":15.065053740606842},"point_estimate":12.85394328736656,"standard_error":1.4884363000294158},"Slope":{"confidence_interval":{"confidence_level":0.95,"lower_bound":700.2505036242767,"upper_bound":704.6238561447891},"point_estimate":702.4240555395021,"standard_error":1.1117378354405916},"StdDev":{"confidence_interval":{"confidence_level":0.95,"lower_bound":11.119337217636673,"upper_bound":74.27803719641875},"point_estimate":46.02583000731358,"standard_error":18.112224550724427}}