{"Mean":{"confidence_interval":{"confidence_level":0.95,"lower_bound":742.290206704087,"upper_bound":756.2481222176349},"point_estimate":747.3603221560555,"standard_error":4.0215620077114815},"Median":{"confidence_interval":{"confidence_level":0.95,"lower_bound":739.987628032345,"upper_bound":742.0685100189087},"point_estimate":740.997843429328,"standard_error":0.5632082665419915},"MedianAbsDev":{"confidence_interval":{"confidence_level":0.95,"lower_bound":2.85463031966077,"upper_bound":5.21506595315514},"point_estimate":3.9523877411518065,"standard_error":0.6241003468361672},"Slope":{"confidence_interval":{"confidence_level":0.95,"lower_bound":740.7585597499906,"upper_bound":742.5900715652888},"point_estimate":741.6157518389743,"standard_error":0.4693857611999482},"StdDev":{"confidence_interval":{"confidence_level":0.95,"lower_bound":5.834819752868333,"upper_bound":68.68125767101795},"point_estimate":40.48867516102621,"standard_error":21.85063917111762}}