{"Mean":{"confidence_interval":{"confidence_level":0.95,"lower_bound":712.6034839775704,"upper_bound":733.3488212471896},"point_estimate":721.9378242603005,"standard_error":5.313386162227182},"Median":{"confidence_interval":{"confidence_level":0.95,"lower_bound":704.0022446924562,"upper_bound":710.6572158820733},"point_estimate":706.8621738681583,"standard_error":1.5379227188544151},"MedianAbsDev":{"confidence_interval":{"confidence_level":0.95,"lower_bound":9.969774439374492,"upper_bound":20.292880585416825},"point_estimate":13.433457554365303,"standard_error":2.6384963839024413},"Slope":{"confidence_interval":{"confidence_level":0.95,"lower_bound":708.1107980464344,"upper_bound":717.668541667045},"point_estimate":712.3944909729119,"standard_error":2.431687138113039},"StdDev":{"confidence_interval":{"confidence_level":0.95,"lower_bound":30.296154097892206,"upper_bound":76.55290788851399},"point_estimate":53.298593509810836,"standard_error":12.804642292050831}}