{"Mean":{"confidence_interval":{"confidence_level":0.95,"lower_bound":-0.0179508297672654,"upper_bound":-0.007726091395278851},"point_estimate":-0.01288044545599143,"standard_error":0.0026006597450425276},"Median":{"confidence_interval":{"confidence_level":0.95,"lower_bound":-0.015346725701876784,"upper_bound":-0.008004560034663186},"point_estimate":-0.012177672702121223,"standard_error":0.0018189395622826262}}