{"Mean":{"confidence_interval":{"confidence_level":0.95,"lower_bound":-0.03238484606772372,"upper_bound":-0.013580544674981362},"point_estimate":-0.023096653385020982,"standard_error":0.0047885164960495925},"Median":{"confidence_interval":{"confidence_level":0.95,"lower_bound":-0.041370486804409246,"upper_bound":-0.022902140380673397},"point_estimate":-0.030316622639390833,"standard_error":0.004901988624259544}}