{"Mean":{"confidence_interval":{"confidence_level":0.95,"lower_bound":-0.0022504780269427373,"upper_bound":0.007285976930906329},"point_estimate":0.002592573456915659,"standard_error":0.0024249394009751273},"Median":{"confidence_interval":{"confidence_level":0.95,"lower_bound":0.0006542034987367183,"upper_bound":0.008289038218687317},"point_estimate":0.004750136702796226,"standard_error":0.0019200875176874168}}