{"Mean":{"confidence_interval":{"confidence_level":0.95,"lower_bound":582.8412381190839,"upper_bound":600.6234201067429},"point_estimate":590.2860564230859,"standard_error":4.617376529022613},"Median":{"confidence_interval":{"confidence_level":0.95,"lower_bound":578.9448037127206,"upper_bound":584.2658815554053},"point_estimate":582.5523949004435,"standard_error":1.3797388212318304},"MedianAbsDev":{"confidence_interval":{"confidence_level":0.95,"lower_bound":7.232368540325594,"upper_bound":10.975062758526922},"point_estimate":9.342704466364554,"standard_error":0.9401368666543126},"Slope":{"confidence_interval":{"confidence_level":0.95,"lower_bound":580.9748763408355,"upper_bound":584.6994029551489},"point_estimate":582.76681757126,"standard_error":0.9475560616479344},"StdDev":{"confidence_interval":{"confidence_level":0.95,"lower_bound":9.777095011615298,"upper_bound":72.15170185486166},"point_estimate":46.452595248656934,"standard_error":16.48486761181}}