{"Mean":{"confidence_interval":{"confidence_level":0.95,"lower_bound":601.2210127034637,"upper_bound":611.874382130944},"point_estimate":605.1403992744747,"standard_error":3.023349950218854},"Median":{"confidence_interval":{"confidence_level":0.95,"lower_bound":599.8280716786575,"upper_bound":600.8720825053073},"point_estimate":600.2082890214529,"standard_error":0.2721710829458822},"MedianAbsDev":{"confidence_interval":{"confidence_level":0.95,"lower_bound":1.557400725033759,"upper_bound":2.785524874835496},"point_estimate":2.0071714538210585,"standard_error":0.3143122875236934},"Slope":{"confidence_interval":{"confidence_level":0.95,"lower_bound":599.9614100362479,"upper_bound":601.0382848876611},"point_estimate":600.4677933825186,"standard_error":0.2744860483944965},"StdDev":{"confidence_interval":{"confidence_level":0.95,"lower_bound":3.961777191597998,"upper_bound":51.61446011205606},"point_estimate":30.524438813322302,"standard_error":16.05514926883312}}