{"Mean":{"confidence_interval":{"confidence_level":0.95,"lower_bound":375.7980817151728,"upper_bound":378.4799230348463},"point_estimate":377.06582683775406,"standard_error":0.6819914350701672},"Median":{"confidence_interval":{"confidence_level":0.95,"lower_bound":375.2656137599953,"upper_bound":377.2338756150539},"point_estimate":376.1954392057927,"standard_error":0.44869687697960187},"MedianAbsDev":{"confidence_interval":{"confidence_level":0.95,"lower_bound":4.004441005006402,"upper_bound":6.417013553884734},"point_estimate":5.247988781466724,"standard_error":0.5805984814175829},"Slope":{"confidence_interval":{"confidence_level":0.95,"lower_bound":374.0503373234093,"upper_bound":376.0101795389702},"point_estimate":374.99396974145,"standard_error":0.5010380386805193},"StdDev":{"confidence_interval":{"confidence_level":0.95,"lower_bound":4.79548287414264,"upper_bound":8.658261818515575},"point_estimate":6.837519911454571,"standard_error":0.9916754435033381}}