{"Mean":{"confidence_interval":{"confidence_level":0.95,"lower_bound":380.57459832720104,"upper_bound":383.88471134980693},"point_estimate":382.19719246092626,"standard_error":0.8411570571580578},"Median":{"confidence_interval":{"confidence_level":0.95,"lower_bound":379.5332007797271,"upper_bound":383.3029932856833},"point_estimate":381.8040292349291,"standard_error":1.0159650329119614},"MedianAbsDev":{"confidence_interval":{"confidence_level":0.95,"lower_bound":5.004833909971916,"upper_bound":8.498501011395028},"point_estimate":7.115163451971257,"standard_error":0.9052595822744324},"Slope":{"confidence_interval":{"confidence_level":0.95,"lower_bound":379.57861231875955,"upper_bound":382.56567374246265},"point_estimate":381.0619271081337,"standard_error":0.762045101311176},"StdDev":{"confidence_interval":{"confidence_level":0.95,"lower_bound":6.782077691798683,"upper_bound":9.913271927664871},"point_estimate":8.428242674152944,"standard_error":0.8013904054312065}}