{"Mean":{"confidence_interval":{"confidence_level":0.95,"lower_bound":606.9184958466335,"upper_bound":625.3621920254956},"point_estimate":614.4740984601129,"standard_error":4.837398263467367},"Median":{"confidence_interval":{"confidence_level":0.95,"lower_bound":602.6247484463178,"upper_bound":608.1409791144513},"point_estimate":606.0738062285056,"standard_error":1.4068310588798316},"MedianAbsDev":{"confidence_interval":{"confidence_level":0.95,"lower_bound":7.368193507236607,"upper_bound":12.912415369846011},"point_estimate":10.03371795663137,"standard_error":1.4713726651281698},"Slope":{"confidence_interval":{"confidence_level":0.95,"lower_bound":605.6699967863123,"upper_bound":610.5735539825963},"point_estimate":607.9538065328662,"standard_error":1.2504924689202808},"StdDev":{"confidence_interval":{"confidence_level":0.95,"lower_bound":10.693415126768263,"upper_bound":77.71791284491178},"point_estimate":48.50314794668449,"standard_error":18.75963271480939}}