{"Mean":{"confidence_interval":{"confidence_level":0.95,"lower_bound":604.7809370751681,"upper_bound":612.5766336905834},"point_estimate":607.8710224396012,"standard_error":2.0452582585015766},"Median":{"confidence_interval":{"confidence_level":0.95,"lower_bound":602.6049856184085,"upper_bound":605.1058008382017},"point_estimate":603.9895593673157,"standard_error":0.6292508312201435},"MedianAbsDev":{"confidence_interval":{"confidence_level":0.95,"lower_bound":3.136192799720996,"upper_bound":5.389518227452764},"point_estimate":4.536465460655523,"standard_error":0.6012131476546755},"Slope":{"confidence_interval":{"confidence_level":0.95,"lower_bound":603.9272415151509,"upper_bound":606.0389391717658},"point_estimate":604.9238836426966,"standard_error":0.5385828630748235},"StdDev":{"confidence_interval":{"confidence_level":0.95,"lower_bound":5.269237330625505,"upper_bound":33.58150938502371},"point_estimate":20.55614383914764,"standard_error":8.660403813572906}}