{"Mean":{"confidence_interval":{"confidence_level":0.95,"lower_bound":583.3000503217362,"upper_bound":601.0937182461479},"point_estimate":590.7882905778243,"standard_error":4.635916212337941},"Median":{"confidence_interval":{"confidence_level":0.95,"lower_bound":581.1863505256955,"upper_bound":585.646698178262},"point_estimate":582.7080978419486,"standard_error":1.0393371598573784},"MedianAbsDev":{"confidence_interval":{"confidence_level":0.95,"lower_bound":7.3573055761342525,"upper_bound":14.970783219406787},"point_estimate":10.352720757351598,"standard_error":2.0782391084139826},"Slope":{"confidence_interval":{"confidence_level":0.95,"lower_bound":583.1832883330264,"upper_bound":587.0178558416095},"point_estimate":585.0870261579145,"standard_error":0.9767500122620395},"StdDev":{"confidence_interval":{"confidence_level":0.95,"lower_bound":10.87723221226118,"upper_bound":72.49360664924234},"point_estimate":46.671957703761755,"standard_error":16.458331436676993}}