{"Mean":{"confidence_interval":{"confidence_level":0.95,"lower_bound":596.7722234122115,"upper_bound":616.1002550527155},"point_estimate":604.6439981186941,"standard_error":5.072476859270496},"Median":{"confidence_interval":{"confidence_level":0.95,"lower_bound":594.0147084195997,"upper_bound":598.4736711912486},"point_estimate":596.2315833602486,"standard_error":1.0521971170365183},"MedianAbsDev":{"confidence_interval":{"confidence_level":0.95,"lower_bound":6.7657796594516695,"upper_bound":12.320383399023079},"point_estimate":10.078453618846263,"standard_error":1.443911209902051},"Slope":{"confidence_interval":{"confidence_level":0.95,"lower_bound":595.8725064657882,"upper_bound":599.1714683041723},"point_estimate":597.5058213577685,"standard_error":0.8391021245841334},"StdDev":{"confidence_interval":{"confidence_level":0.95,"lower_bound":8.8893658432493,"upper_bound":80.34681781871708},"point_estimate":50.77643607873845,"standard_error":19.56631543399548}}