{"Mean":{"confidence_interval":{"confidence_level":0.95,"lower_bound":476.5042563392409,"upper_bound":493.3864658659995},"point_estimate":483.25512617504796,"standard_error":4.502246058161848},"Median":{"confidence_interval":{"confidence_level":0.95,"lower_bound":475.07436638506005,"upper_bound":476.70212342249914},"point_estimate":476.03855364823573,"standard_error":0.3860160418900423},"MedianAbsDev":{"confidence_interval":{"confidence_level":0.95,"lower_bound":2.437338587180525,"upper_bound":4.267131477560374},"point_estimate":3.2307622562725826,"standard_error":0.4602313133280059},"Slope":{"confidence_interval":{"confidence_level":0.95,"lower_bound":475.7253815360083,"upper_bound":477.7356781255938},"point_estimate":476.668880177035,"standard_error":0.5138065762938853},"StdDev":{"confidence_interval":{"confidence_level":0.95,"lower_bound":3.9885418807333504,"upper_bound":71.70740974359451},"point_estimate":45.19078660600462,"standard_error":18.52633296667513}}