{"Mean":{"confidence_interval":{"confidence_level":0.95,"lower_bound":481.36885077913286,"upper_bound":506.14197472308723},"point_estimate":492.2154799383881,"standard_error":6.2008577624560415},"Median":{"confidence_interval":{"confidence_level":0.95,"lower_bound":478.8716106280765,"upper_bound":480.4222705082763},"point_estimate":479.51213947788415,"standard_error":0.40811690428548375},"MedianAbsDev":{"confidence_interval":{"confidence_level":0.95,"lower_bound":2.0473775293235863,"upper_bound":3.4925088184470714},"point_estimate":2.680136134747458,"standard_error":0.36263389783956057},"Slope":{"confidence_interval":{"confidence_level":0.95,"lower_bound":479.14172527485823,"upper_bound":480.01679969509155},"point_estimate":479.57108143372477,"standard_error":0.22309306564011244},"StdDev":{"confidence_interval":{"confidence_level":0.95,"lower_bound":6.442636201461079,"upper_bound":91.8389007115683},"point_estimate":62.498449751048604,"standard_error":19.452780194721914}}