{"Mean":{"confidence_interval":{"confidence_level":0.95,"lower_bound":456.9406131175452,"upper_bound":464.38873541563635},"point_estimate":460.0148269574097,"standard_error":1.9306008660732337},"Median":{"confidence_interval":{"confidence_level":0.95,"lower_bound":455.6930616025938,"upper_bound":460.61785435341346},"point_estimate":458.15240104007177,"standard_error":1.2958718284354924},"MedianAbsDev":{"confidence_interval":{"confidence_level":0.95,"lower_bound":6.842307069529291,"upper_bound":11.086597589991134},"point_estimate":9.220147933196456,"standard_error":1.104720931395911},"Slope":{"confidence_interval":{"confidence_level":0.95,"lower_bound":455.63470503908025,"upper_bound":458.91979124342487},"point_estimate":457.2811437997097,"standard_error":0.838296887598512},"StdDev":{"confidence_interval":{"confidence_level":0.95,"lower_bound":7.92216840370622,"upper_bound":30.816949808807305},"point_estimate":19.32131710956464,"standard_error":7.450855798994023}}