{"Mean":{"confidence_interval":{"confidence_level":0.95,"lower_bound":479.4579048119055,"upper_bound":482.66644492826737},"point_estimate":481.01775040725204,"standard_error":0.8172787491122253},"Median":{"confidence_interval":{"confidence_level":0.95,"lower_bound":477.43033165065407,"upper_bound":480.7304368837691},"point_estimate":478.66164878695145,"standard_error":0.9058807571594516},"MedianAbsDev":{"confidence_interval":{"confidence_level":0.95,"lower_bound":4.218061884095279,"upper_bound":7.70383103183813},"point_estimate":5.54755249257421,"standard_error":0.9023238666041832},"Slope":{"confidence_interval":{"confidence_level":0.95,"lower_bound":478.507057640718,"upper_bound":481.3262552454411},"point_estimate":479.85128831265325,"standard_error":0.7206780551669493},"StdDev":{"confidence_interval":{"confidence_level":0.95,"lower_bound":6.496601421340588,"upper_bound":9.887823988373338},"point_estimate":8.241257511683482,"standard_error":0.8687341208930799}}