{"Mean":{"confidence_interval":{"confidence_level":0.95,"lower_bound":470.3117652592058,"upper_bound":489.6804310157835},"point_estimate":478.36001999257155,"standard_error":5.072655279145096},"Median":{"confidence_interval":{"confidence_level":0.95,"lower_bound":468.353141103659,"upper_bound":473.8136462789772},"point_estimate":471.19838735225073,"standard_error":1.2486685118267948},"MedianAbsDev":{"confidence_interval":{"confidence_level":0.95,"lower_bound":7.762982338708557,"upper_bound":13.749317844533394},"point_estimate":10.098008836179371,"standard_error":1.5749603226582054},"Slope":{"confidence_interval":{"confidence_level":0.95,"lower_bound":468.71576362028964,"upper_bound":472.00077869804585},"point_estimate":470.3510742042096,"standard_error":0.83594452465955},"StdDev":{"confidence_interval":{"confidence_level":0.95,"lower_bound":10.223038804898904,"upper_bound":79.37595683999218},"point_estimate":50.94981020368389,"standard_error":18.81507796033772}}