{"Mean":{"confidence_interval":{"confidence_level":0.95,"lower_bound":320.0695713948525,"upper_bound":322.487793794709},"point_estimate":321.2188513619348,"standard_error":0.6174391515292794},"Median":{"confidence_interval":{"confidence_level":0.95,"lower_bound":319.9357090172728,"upper_bound":321.68627583167336},"point_estimate":320.45476596625133,"standard_error":0.4534062849886519},"MedianAbsDev":{"confidence_interval":{"confidence_level":0.95,"lower_bound":2.7315898899452336,"upper_bound":4.949570865130614},"point_estimate":4.093717892316853,"standard_error":0.5875908217406667},"Slope":{"confidence_interval":{"confidence_level":0.95,"lower_bound":320.54821669692245,"upper_bound":323.94858294476404},"point_estimate":321.90417244290614,"standard_error":0.9059369503501326},"StdDev":{"confidence_interval":{"confidence_level":0.95,"lower_bound":4.26105709601676,"upper_bound":8.05543459066989},"point_estimate":6.175024231110342,"standard_error":0.9856350325404633}}