{"Mean":{"confidence_interval":{"confidence_level":0.95,"lower_bound":320.96795359733534,"upper_bound":323.23364311900303},"point_estimate":321.9964271745479,"standard_error":0.580696301933143},"Median":{"confidence_interval":{"confidence_level":0.95,"lower_bound":320.0056514348115,"upper_bound":321.5434665671688},"point_estimate":320.4984542668186,"standard_error":0.3735039849614447},"MedianAbsDev":{"confidence_interval":{"confidence_level":0.95,"lower_bound":1.7529661464414585,"upper_bound":2.658779269028671},"point_estimate":2.2266468605670955,"standard_error":0.23165042186422616},"Slope":{"confidence_interval":{"confidence_level":0.95,"lower_bound":321.20626221630533,"upper_bound":321.961279066237},"point_estimate":321.59468882640454,"standard_error":0.19249005440305966},"StdDev":{"confidence_interval":{"confidence_level":0.95,"lower_bound":3.0873794527939027,"upper_bound":8.097697000126955},"point_estimate":5.8505200145740925,"standard_error":1.2738218767176945}}