{"Mean":{"confidence_interval":{"confidence_level":0.95,"lower_bound":457.836178442061,"upper_bound":481.03390361223666},"point_estimate":466.41899567447916,"standard_error":6.496206304538196},"Median":{"confidence_interval":{"confidence_level":0.95,"lower_bound":455.64466078583723,"upper_bound":460.63883953883953},"point_estimate":457.33620530140655,"standard_error":1.1500911991196425},"MedianAbsDev":{"confidence_interval":{"confidence_level":0.95,"lower_bound":8.207558420720275,"upper_bound":12.422664033701421},"point_estimate":10.841804879527572,"standard_error":1.0992748680899584},"Slope":{"confidence_interval":{"confidence_level":0.95,"lower_bound":457.51079462966135,"upper_bound":461.4456015072683},"point_estimate":459.4523428471435,"standard_error":1.000931844470668},"StdDev":{"confidence_interval":{"confidence_level":0.95,"lower_bound":12.186331361176705,"upper_bound":109.67678635928469},"point_estimate":65.12099413557954,"standard_error":33.464705052990105}}