{"Mean":{"confidence_interval":{"confidence_level":0.95,"lower_bound":458.1617359901168,"upper_bound":476.86262316154296},"point_estimate":464.94492056920484,"standard_error":5.412926616467649},"Median":{"confidence_interval":{"confidence_level":0.95,"lower_bound":454.7209278787616,"upper_bound":458.1052883216231},"point_estimate":456.57283932295235,"standard_error":0.8769441510676952},"MedianAbsDev":{"confidence_interval":{"confidence_level":0.95,"lower_bound":4.19983016347306,"upper_bound":7.951417892903124},"point_estimate":5.730876748323195,"standard_error":1.0097250468162278},"Slope":{"confidence_interval":{"confidence_level":0.95,"lower_bound":457.2735721591933,"upper_bound":460.27019751882426},"point_estimate":458.7018600617805,"standard_error":0.7656406171101457},"StdDev":{"confidence_interval":{"confidence_level":0.95,"lower_bound":7.456552213937658,"upper_bound":92.59984172846002},"point_estimate":54.53768351651519,"standard_error":29.586607335770406}}