{"Mean":{"confidence_interval":{"confidence_level":0.95,"lower_bound":1328.0319664882672,"upper_bound":1358.2579975952144},"point_estimate":1340.5178494746115,"standard_error":7.96349718264426},"Median":{"confidence_interval":{"confidence_level":0.95,"lower_bound":1325.1777460119163,"upper_bound":1333.2454922528452},"point_estimate":1329.2720668269922,"standard_error":2.0872509223950524},"MedianAbsDev":{"confidence_interval":{"confidence_level":0.95,"lower_bound":12.451796313795427,"upper_bound":18.879472631233444},"point_estimate":16.263073590961152,"standard_error":1.5707869414923643},"Slope":{"confidence_interval":{"confidence_level":0.95,"lower_bound":1334.292315193288,"upper_bound":1340.4072096045875},"point_estimate":1337.4192209045311,"standard_error":1.5612647717332937},"StdDev":{"confidence_interval":{"confidence_level":0.95,"lower_bound":13.683514785877506,"upper_bound":125.20959337318769},"point_estimate":80.08089317064169,"standard_error":30.458983314694468}}