{"Mean":{"confidence_interval":{"confidence_level":0.95,"lower_bound":894.3588985000572,"upper_bound":898.5545725030247},"point_estimate":896.3656410566142,"standard_error":1.0730027835994527},"Median":{"confidence_interval":{"confidence_level":0.95,"lower_bound":892.4550045085663,"upper_bound":897.612378904534},"point_estimate":895.179662590449,"standard_error":1.2192094545017775},"MedianAbsDev":{"confidence_interval":{"confidence_level":0.95,"lower_bound":6.85722357213272,"upper_bound":10.185536214446472},"point_estimate":8.589775162198928,"standard_error":0.8499790571578631},"Slope":{"confidence_interval":{"confidence_level":0.95,"lower_bound":893.4626987044608,"upper_bound":898.2705804536823},"point_estimate":895.6862831118448,"standard_error":1.2277090532388164},"StdDev":{"confidence_interval":{"confidence_level":0.95,"lower_bound":7.799111159769864,"upper_bound":14.014704470500163},"point_estimate":10.780925259812065,"standard_error":1.635932626709193}}