{"Mean":{"confidence_interval":{"confidence_level":0.95,"lower_bound":1321.5860742748257,"upper_bound":1352.3477744363133},"point_estimate":1334.7650984512595,"standard_error":7.980412766190518},"Median":{"confidence_interval":{"confidence_level":0.95,"lower_bound":1316.2984750491407,"upper_bound":1319.7397436368367},"point_estimate":1317.6689144246284,"standard_error":1.0813773618144078},"MedianAbsDev":{"confidence_interval":{"confidence_level":0.95,"lower_bound":5.511268854344018,"upper_bound":11.440744191859526},"point_estimate":8.25617091284826,"standard_error":1.3896093281029471},"Slope":{"confidence_interval":{"confidence_level":0.95,"lower_bound":1318.7740645132944,"upper_bound":1324.8240921449321},"point_estimate":1321.6114686786761,"standard_error":1.5455548935157408},"StdDev":{"confidence_interval":{"confidence_level":0.95,"lower_bound":18.762297569783886,"upper_bound":123.92966304696867},"point_estimate":80.44111333380185,"standard_error":26.803618021998542}}