{"Mean":{"confidence_interval":{"confidence_level":0.95,"lower_bound":901.1102360650492,"upper_bound":908.1508534473903},"point_estimate":904.5404213924294,"standard_error":1.7958159358687875},"Median":{"confidence_interval":{"confidence_level":0.95,"lower_bound":899.730539639393,"upper_bound":905.132526758821},"point_estimate":902.425404984019,"standard_error":1.5319599796927168},"MedianAbsDev":{"confidence_interval":{"confidence_level":0.95,"lower_bound":11.30181753848507,"upper_bound":18.52145943759207},"point_estimate":15.481298271442089,"standard_error":1.870062423832011},"Slope":{"confidence_interval":{"confidence_level":0.95,"lower_bound":897.8716768564601,"upper_bound":903.06758308221},"point_estimate":900.4495348751293,"standard_error":1.3230209125600367},"StdDev":{"confidence_interval":{"confidence_level":0.95,"lower_bound":14.347437694633355,"upper_bound":21.567550154200916},"point_estimate":18.06461119694565,"standard_error":1.852739364849933}}