{"Mean":{"confidence_interval":{"confidence_level":0.95,"lower_bound":888.9876880118135,"upper_bound":896.1084732579004},"point_estimate":892.3288749261443,"standard_error":1.8270595841815431},"Median":{"confidence_interval":{"confidence_level":0.95,"lower_bound":886.1394376351839,"upper_bound":890.5771689497717},"point_estimate":888.8483021304579,"standard_error":1.2510903469134216},"MedianAbsDev":{"confidence_interval":{"confidence_level":0.95,"lower_bound":6.580072614102007,"upper_bound":10.836252481109392},"point_estimate":8.148337460860137,"standard_error":1.0828426620609404},"Slope":{"confidence_interval":{"confidence_level":0.95,"lower_bound":885.7757969370659,"upper_bound":889.2769049836228},"point_estimate":887.5107146027626,"standard_error":0.895869676165346},"StdDev":{"confidence_interval":{"confidence_level":0.95,"lower_bound":12.441709415427674,"upper_bound":23.187268789547595},"point_estimate":18.340725434015148,"standard_error":2.7355725439549796}}