{"Mean":{"confidence_interval":{"confidence_level":0.95,"lower_bound":1325.4743485635945,"upper_bound":1352.38075663285},"point_estimate":1336.4060485503471,"standard_error":7.085073220983225},"Median":{"confidence_interval":{"confidence_level":0.95,"lower_bound":1322.382870043742,"upper_bound":1327.966692817402},"point_estimate":1325.6121732686283,"standard_error":1.5721977459666219},"MedianAbsDev":{"confidence_interval":{"confidence_level":0.95,"lower_bound":8.43211792993124,"upper_bound":15.406950445261424},"point_estimate":11.471111096695392,"standard_error":1.856811451647711},"Slope":{"confidence_interval":{"confidence_level":0.95,"lower_bound":1323.9168764689973,"upper_bound":1330.8919041081422},"point_estimate":1327.156345559649,"standard_error":1.7821716001681338},"StdDev":{"confidence_interval":{"confidence_level":0.95,"lower_bound":12.214828336385416,"upper_bound":114.08571082465949},"point_estimate":71.26075905556745,"standard_error":28.15719881452539}}