{"Mean":{"confidence_interval":{"confidence_level":0.95,"lower_bound":1363.8727307468205,"upper_bound":1407.0346008128636},"point_estimate":1381.101520493535,"standard_error":11.44107103479308},"Median":{"confidence_interval":{"confidence_level":0.95,"lower_bound":1359.0688667237914,"upper_bound":1362.3631560897006},"point_estimate":1361.0049535992903,"standard_error":0.7444137742224879},"MedianAbsDev":{"confidence_interval":{"confidence_level":0.95,"lower_bound":6.304511114603098,"upper_bound":10.42212918609582},"point_estimate":8.700024585367249,"standard_error":1.0250431642899327},"Slope":{"confidence_interval":{"confidence_level":0.95,"lower_bound":1360.1952472940513,"upper_bound":1364.6208838759776},"point_estimate":1362.2820914161164,"standard_error":1.1300663451991946},"StdDev":{"confidence_interval":{"confidence_level":0.95,"lower_bound":12.563582649958237,"upper_bound":184.58721523046495},"point_estimate":114.92806370066278,"standard_error":47.45943969283989}}