{"Mean":{"confidence_interval":{"confidence_level":0.95,"lower_bound":870.2329267327776,"upper_bound":875.7206833531524},"point_estimate":872.7367650605576,"standard_error":1.4035336754005305},"Median":{"confidence_interval":{"confidence_level":0.95,"lower_bound":868.9410644768857,"upper_bound":871.9623639651434},"point_estimate":870.6172406697693,"standard_error":0.776639703469506},"MedianAbsDev":{"confidence_interval":{"confidence_level":0.95,"lower_bound":5.450448735351855,"upper_bound":10.024846258731435},"point_estimate":7.829890824064503,"standard_error":1.216508925814516},"Slope":{"confidence_interval":{"confidence_level":0.95,"lower_bound":870.2649701679901,"upper_bound":872.8563180036035},"point_estimate":871.5291896726169,"standard_error":0.6593318387092779},"StdDev":{"confidence_interval":{"confidence_level":0.95,"lower_bound":7.5818749843234725,"upper_bound":19.810100541153115},"point_estimate":14.075055655563922,"standard_error":3.15651518591049}}