{"Mean":{"confidence_interval":{"confidence_level":0.95,"lower_bound":904.5150226326429,"upper_bound":912.4157096521051},"point_estimate":908.2772962994387,"standard_error":2.0155481634929475},"Median":{"confidence_interval":{"confidence_level":0.95,"lower_bound":902.5867259441229,"upper_bound":907.050288333513},"point_estimate":904.7987554964748,"standard_error":1.2281165024133256},"MedianAbsDev":{"confidence_interval":{"confidence_level":0.95,"lower_bound":6.922502512791189,"upper_bound":11.686617387908544},"point_estimate":9.529547984642983,"standard_error":1.1954454218123511},"Slope":{"confidence_interval":{"confidence_level":0.95,"lower_bound":905.9367869986114,"upper_bound":910.3413910104986},"point_estimate":908.0337312919537,"standard_error":1.1210134492799264},"StdDev":{"confidence_interval":{"confidence_level":0.95,"lower_bound":13.937933612585997,"upper_bound":26.709768763497753},"point_estimate":20.237461163899805,"standard_error":3.3465263635099163}}