{"Mean":{"confidence_interval":{"confidence_level":0.95,"lower_bound":142.19110989873823,"upper_bound":148.07854640858622},"point_estimate":144.6231607326714,"standard_error":1.5433614506288016},"Median":{"confidence_interval":{"confidence_level":0.95,"lower_bound":141.4064250370482,"upper_bound":142.68160302640652},"point_estimate":142.00453320854467,"standard_error":0.2803102513643307},"MedianAbsDev":{"confidence_interval":{"confidence_level":0.95,"lower_bound":1.7709235377592991,"upper_bound":3.0704518846744544},"point_estimate":2.2962332058804646,"standard_error":0.3312505377884659},"Slope":{"confidence_interval":{"confidence_level":0.95,"lower_bound":141.63367542725152,"upper_bound":142.9798815225704},"point_estimate":142.27195701272964,"standard_error":0.3430413777172802},"StdDev":{"confidence_interval":{"confidence_level":0.95,"lower_bound":2.7817827464553284,"upper_bound":24.183779969535937},"point_estimate":15.471017717449472,"standard_error":5.825393682418837}}