{"Mean":{"confidence_interval":{"confidence_level":0.95,"lower_bound":120.1804879146883,"upper_bound":122.36461407558878},"point_estimate":121.10163182831238,"standard_error":0.5644242028392779},"Median":{"confidence_interval":{"confidence_level":0.95,"lower_bound":119.83315372121291,"upper_bound":121.13982516168589},"point_estimate":120.52764855540707,"standard_error":0.3614483180912249},"MedianAbsDev":{"confidence_interval":{"confidence_level":0.95,"lower_bound":2.261915336162273,"upper_bound":3.875130851357348},"point_estimate":3.237762050024453,"standard_error":0.4091093044311083},"Slope":{"confidence_interval":{"confidence_level":0.95,"lower_bound":120.13733999773368,"upper_bound":121.26075240670683},"point_estimate":120.68714091258866,"standard_error":0.2876952782434299},"StdDev":{"confidence_interval":{"confidence_level":0.95,"lower_bound":2.607266753409788,"upper_bound":8.910133910768058},"point_estimate":5.673632953296523,"standard_error":2.051754391957133}}