{"Mean":{"confidence_interval":{"confidence_level":0.95,"lower_bound":135.2723846349333,"upper_bound":138.69154820174415},"point_estimate":136.48797848282854,"standard_error":1.01817547668299},"Median":{"confidence_interval":{"confidence_level":0.95,"lower_bound":134.89341236678837,"upper_bound":135.23811285705614},"point_estimate":135.06707655380376,"standard_error":0.1084798779595572},"MedianAbsDev":{"confidence_interval":{"confidence_level":0.95,"lower_bound":0.5553046193768326,"upper_bound":0.9889453723286709},"point_estimate":0.7859788224561046,"standard_error":0.11685831645564203},"Slope":{"confidence_interval":{"confidence_level":0.95,"lower_bound":134.7027107936089,"upper_bound":134.95145050099575},"point_estimate":134.82130405570527,"standard_error":0.06337201949563372},"StdDev":{"confidence_interval":{"confidence_level":0.95,"lower_bound":1.127127752503342,"upper_bound":17.440721181912036},"point_estimate":10.227974296598578,"standard_error":5.770593482513965}}