{"Mean":{"confidence_interval":{"confidence_level":0.95,"lower_bound":133.38349627016467,"upper_bound":136.1948184765217},"point_estimate":134.39607457679693,"standard_error":0.8211950964669057},"Median":{"confidence_interval":{"confidence_level":0.95,"lower_bound":132.99145249671992,"upper_bound":133.51080497028633},"point_estimate":133.21789043208472,"standard_error":0.13179837301715716},"MedianAbsDev":{"confidence_interval":{"confidence_level":0.95,"lower_bound":0.6769051406027263,"upper_bound":1.1741752320267234},"point_estimate":0.8692009191398193,"standard_error":0.12464653360646342},"Slope":{"confidence_interval":{"confidence_level":0.95,"lower_bound":133.28240157056644,"upper_bound":133.80154329260318},"point_estimate":133.5301446096858,"standard_error":0.13272695029543927},"StdDev":{"confidence_interval":{"confidence_level":0.95,"lower_bound":1.0251701757590248,"upper_bound":14.02919613157755},"point_estimate":8.251563782475694,"standard_error":4.5376361894867445}}