{"Mean":{"confidence_interval":{"confidence_level":0.95,"lower_bound":126.10498808092792,"upper_bound":130.86637184585055},"point_estimate":128.11901554034776,"standard_error":1.2356313731079391},"Median":{"confidence_interval":{"confidence_level":0.95,"lower_bound":125.56918294225095,"upper_bound":126.26996916859866},"point_estimate":126.01342102781439,"standard_error":0.1628122361193321},"MedianAbsDev":{"confidence_interval":{"confidence_level":0.95,"lower_bound":1.0906702652365938,"upper_bound":2.003269100593562},"point_estimate":1.4895907468580307,"standard_error":0.2404617671583928},"Slope":{"confidence_interval":{"confidence_level":0.95,"lower_bound":125.68024662491999,"upper_bound":126.58173583024643},"point_estimate":126.11675433413373,"standard_error":0.23002261275933597},"StdDev":{"confidence_interval":{"confidence_level":0.95,"lower_bound":1.9565163273027684,"upper_bound":19.035795349189897},"point_estimate":12.433201874492894,"standard_error":4.338082644000839}}