{"Mean":{"confidence_interval":{"confidence_level":0.95,"lower_bound":153.0584383299147,"upper_bound":158.66887377091467},"point_estimate":155.4085005761058,"standard_error":1.4666626424883382},"Median":{"confidence_interval":{"confidence_level":0.95,"lower_bound":152.05906709791984,"upper_bound":153.01996708686207},"point_estimate":152.5233279354647,"standard_error":0.32305434217283785},"MedianAbsDev":{"confidence_interval":{"confidence_level":0.95,"lower_bound":1.5234848131424368,"upper_bound":2.5284182412019214},"point_estimate":2.036772508555819,"standard_error":0.2786889605306792},"Slope":{"confidence_interval":{"confidence_level":0.95,"lower_bound":152.8941088243628,"upper_bound":154.57164320878744},"point_estimate":153.6629502147925,"standard_error":0.42882770008579324},"StdDev":{"confidence_interval":{"confidence_level":0.95,"lower_bound":3.0363315018049044,"upper_bound":22.87988254706235},"point_estimate":14.745550882578497,"standard_error":5.354775879309532}}