{"Mean":{"confidence_interval":{"confidence_level":0.95,"lower_bound":142.80579500112168,"upper_bound":145.16242993902745},"point_estimate":143.80953784033736,"standard_error":0.6070541261471634},"Median":{"confidence_interval":{"confidence_level":0.95,"lower_bound":141.74428650205257,"upper_bound":143.26898018308816},"point_estimate":142.6905394615086,"standard_error":0.4103227191595828},"MedianAbsDev":{"confidence_interval":{"confidence_level":0.95,"lower_bound":2.2200669109599103,"upper_bound":3.7699177576893335},"point_estimate":3.073296371150058,"standard_error":0.37713941187821926},"Slope":{"confidence_interval":{"confidence_level":0.95,"lower_bound":141.6922529010949,"upper_bound":142.76611920386134},"point_estimate":142.1891408444356,"standard_error":0.27342638640501443},"StdDev":{"confidence_interval":{"confidence_level":0.95,"lower_bound":2.944777061356726,"upper_bound":9.403032414226818},"point_estimate":6.071482857517531,"standard_error":2.087274752561181}}