{"Mean":{"confidence_interval":{"confidence_level":0.95,"lower_bound":119.09188829845775,"upper_bound":123.63869092197882},"point_estimate":120.98818888921436,"standard_error":1.1882869495832522},"Median":{"confidence_interval":{"confidence_level":0.95,"lower_bound":118.70214685420447,"upper_bound":119.79601506547236},"point_estimate":119.14709167674934,"standard_error":0.25460944073302444},"MedianAbsDev":{"confidence_interval":{"confidence_level":0.95,"lower_bound":1.7662461442574493,"upper_bound":2.9917325673586257},"point_estimate":2.3517476379714735,"standard_error":0.30707171029864244},"Slope":{"confidence_interval":{"confidence_level":0.95,"lower_bound":119.1769518466997,"upper_bound":120.08715187622771},"point_estimate":119.643792617656,"standard_error":0.2326749429210383},"StdDev":{"confidence_interval":{"confidence_level":0.95,"lower_bound":2.3409026538332447,"upper_bound":18.607778766794844},"point_estimate":11.92056758166896,"standard_error":4.377531521076747}}