{"Mean":{"confidence_interval":{"confidence_level":0.95,"lower_bound":180119.6357576988,"upper_bound":184543.509825599},"point_estimate":181929.89408872713,"standard_error":1153.8533320781637},"Median":{"confidence_interval":{"confidence_level":0.95,"lower_bound":178850.11320754717,"upper_bound":179358.83333333334},"point_estimate":179109.98076923078,"standard_error":113.318311055479},"MedianAbsDev":{"confidence_interval":{"confidence_level":0.95,"lower_bound":593.5866938796568,"upper_bound":1164.5107148598674},"point_estimate":840.294251704127,"standard_error":152.74525882726886},"Slope":{"confidence_interval":{"confidence_level":0.95,"lower_bound":179054.27733550998,"upper_bound":180056.9503994867},"point_estimate":179513.7287389784,"standard_error":256.98496646095975},"StdDev":{"confidence_interval":{"confidence_level":0.95,"lower_bound":2904.40212391129,"upper_bound":18604.764903987394},"point_estimate":11601.275326922561,"standard_error":4424.801897449598}}