{"Mean":{"confidence_interval":{"confidence_level":0.95,"lower_bound":216756.1325626935,"upper_bound":223373.68936818803},"point_estimate":219514.8081477425,"standard_error":1728.5844877583647},"Median":{"confidence_interval":{"confidence_level":0.95,"lower_bound":215396.40307692307,"upper_bound":216401.22121212122},"point_estimate":215712.36029411765,"standard_error":242.83769281520495},"MedianAbsDev":{"confidence_interval":{"confidence_level":0.95,"lower_bound":1074.710687170061,"upper_bound":1993.7673234312351},"point_estimate":1509.6340467541875,"standard_error":232.42430097817177},"Slope":{"confidence_interval":{"confidence_level":0.95,"lower_bound":216777.47476338426,"upper_bound":219079.2764475851},"point_estimate":217851.2297662184,"standard_error":590.1045242334642},"StdDev":{"confidence_interval":{"confidence_level":0.95,"lower_bound":3548.5289441496197,"upper_bound":27103.999293132838},"point_estimate":17380.333381701534,"standard_error":6343.820648093981}}