{"Mean":{"confidence_interval":{"confidence_level":0.95,"lower_bound":257362.92642940333,"upper_bound":261314.76664504924},"point_estimate":258821.09284600234,"standard_error":1112.1933365993686},"Median":{"confidence_interval":{"confidence_level":0.95,"lower_bound":256872.33674242423,"upper_bound":257426.6663512179},"point_estimate":257088.34335109335,"standard_error":156.7628413997381},"MedianAbsDev":{"confidence_interval":{"confidence_level":0.95,"lower_bound":862.6785876179209,"upper_bound":1393.6312101204423},"point_estimate":1091.403382510507,"standard_error":134.26746820630487},"Slope":{"confidence_interval":{"confidence_level":0.95,"lower_bound":257005.11762530735,"upper_bound":257458.38469709005},"point_estimate":257219.3061038865,"standard_error":115.45469422900926},"StdDev":{"confidence_interval":{"confidence_level":0.95,"lower_bound":1518.4126161119993,"upper_bound":18885.286299872478},"point_estimate":11191.62686161287,"standard_error":5802.780437258394}}