{"Mean":{"confidence_interval":{"confidence_level":0.95,"lower_bound":191911.11600501402,"upper_bound":196579.11382033056},"point_estimate":193753.91637183196,"standard_error":1249.3394267669414},"Median":{"confidence_interval":{"confidence_level":0.95,"lower_bound":191639.04666666666,"upper_bound":191886.85507246378},"point_estimate":191799.4957175926,"standard_error":72.31538472482873},"MedianAbsDev":{"confidence_interval":{"confidence_level":0.95,"lower_bound":407.260561428752,"upper_bound":838.722774722159},"point_estimate":649.81831297835,"standard_error":115.64773779148992},"Slope":{"confidence_interval":{"confidence_level":0.95,"lower_bound":191648.70066747747,"upper_bound":192117.09385762387},"point_estimate":191867.21791438846,"standard_error":119.94120136933356},"StdDev":{"confidence_interval":{"confidence_level":0.95,"lower_bound":911.6518830517743,"upper_bound":20355.482364760748},"point_estimate":12610.368946931274,"standard_error":5389.184780007043}}