{"Mean":{"confidence_interval":{"confidence_level":0.95,"lower_bound":243770.2259819639,"upper_bound":251134.60928426607},"point_estimate":246473.9387106411,"standard_error":2059.299904447707},"Median":{"confidence_interval":{"confidence_level":0.95,"lower_bound":243313.3,"upper_bound":243913.9192982456},"point_estimate":243629.94892026577,"standard_error":134.4771492284394},"MedianAbsDev":{"confidence_interval":{"confidence_level":0.95,"lower_bound":880.5961115514847,"upper_bound":1417.4101643096228},"point_estimate":1174.1782885785672,"standard_error":132.9256649626938},"Slope":{"confidence_interval":{"confidence_level":0.95,"lower_bound":243443.22838218854,"upper_bound":244000.64620457045},"point_estimate":243712.5664323925,"standard_error":141.57404744023015},"StdDev":{"confidence_interval":{"confidence_level":0.95,"lower_bound":1439.2007836430093,"upper_bound":34961.9299586521},"point_estimate":20735.24130447631,"standard_error":10647.0734733156}}