{"Mean":{"confidence_interval":{"confidence_level":0.95,"lower_bound":325.1306937687895,"upper_bound":330.61444856850346},"point_estimate":327.70411793523454,"standard_error":1.3983549940448838},"Median":{"confidence_interval":{"confidence_level":0.95,"lower_bound":320.534238037973,"upper_bound":325.35698938330165},"point_estimate":323.5479572642633,"standard_error":1.3869476711031155},"MedianAbsDev":{"confidence_interval":{"confidence_level":0.95,"lower_bound":5.915467349579595,"upper_bound":13.333601509273164},"point_estimate":10.775216036778955,"standard_error":1.9862256339127653},"Slope":{"confidence_interval":{"confidence_level":0.95,"lower_bound":329.7378684980243,"upper_bound":339.0377387755802},"point_estimate":334.0720309088395,"standard_error":2.3878872246484844},"StdDev":{"confidence_interval":{"confidence_level":0.95,"lower_bound":9.64840295921487,"upper_bound":18.34132446287628},"point_estimate":14.043273333258075,"standard_error":2.2662019130044264}}