{"Mean":{"confidence_interval":{"confidence_level":0.95,"lower_bound":325.50727604817,"upper_bound":327.6227323701864},"point_estimate":326.54167274000423,"standard_error":0.5386730331682996},"Median":{"confidence_interval":{"confidence_level":0.95,"lower_bound":324.9772597356913,"upper_bound":326.7165240960654},"point_estimate":325.85405145549487,"standard_error":0.4179161755786565},"MedianAbsDev":{"confidence_interval":{"confidence_level":0.95,"lower_bound":3.0854577758896595,"upper_bound":5.032888231996651},"point_estimate":3.978909635343165,"standard_error":0.4986071348228359},"Slope":{"confidence_interval":{"confidence_level":0.95,"lower_bound":325.3742487614165,"upper_bound":326.9902746442196},"point_estimate":326.14618571782006,"standard_error":0.4108300065485343},"StdDev":{"confidence_interval":{"confidence_level":0.95,"lower_bound":4.412228159687638,"upper_bound":6.366741981073773},"point_estimate":5.426790062608236,"standard_error":0.5010437228110782}}