{"Mean":{"confidence_interval":{"confidence_level":0.95,"lower_bound":479.4094495181454,"upper_bound":487.9536336813153},"point_estimate":483.0610879419847,"standard_error":2.2118719129608793},"Median":{"confidence_interval":{"confidence_level":0.95,"lower_bound":477.2701312423535,"upper_bound":480.54273273273276},"point_estimate":478.7175476460605,"standard_error":0.7947310080708269},"MedianAbsDev":{"confidence_interval":{"confidence_level":0.95,"lower_bound":5.667381243218147,"upper_bound":9.741416413937094},"point_estimate":7.392706343978452,"standard_error":1.0228635130511567},"Slope":{"confidence_interval":{"confidence_level":0.95,"lower_bound":478.4885428433591,"upper_bound":483.3931972342981},"point_estimate":480.7719494890191,"standard_error":1.2542294282023774},"StdDev":{"confidence_interval":{"confidence_level":0.95,"lower_bound":9.289941655557495,"upper_bound":34.37546056111501},"point_estimate":22.173940677104234,"standard_error":7.377332990908034}}