{"Mean":{"confidence_interval":{"confidence_level":0.95,"lower_bound":476.6641312639051,"upper_bound":484.40105795780835},"point_estimate":479.85935789279654,"standard_error":2.0152796160969366},"Median":{"confidence_interval":{"confidence_level":0.95,"lower_bound":475.5356869807965,"upper_bound":480.0393196393998},"point_estimate":477.5265169296863,"standard_error":1.0938367442859347},"MedianAbsDev":{"confidence_interval":{"confidence_level":0.95,"lower_bound":7.103650128923059,"upper_bound":10.981372884355617},"point_estimate":9.59193825302688,"standard_error":0.9688734428525128},"Slope":{"confidence_interval":{"confidence_level":0.95,"lower_bound":476.0122814426649,"upper_bound":479.1980453666294},"point_estimate":477.61370074950884,"standard_error":0.8130993064164849},"StdDev":{"confidence_interval":{"confidence_level":0.95,"lower_bound":8.10683289167059,"upper_bound":32.36025894595282},"point_estimate":20.257583441412567,"standard_error":7.852332717052058}}