{"Mean":{"confidence_interval":{"confidence_level":0.95,"lower_bound":480.69297818600654,"upper_bound":486.7592472764233},"point_estimate":483.4331825911387,"standard_error":1.5480118372319722},"Median":{"confidence_interval":{"confidence_level":0.95,"lower_bound":478.98519240136386,"upper_bound":484.81680772040914},"point_estimate":482.01491514138854,"standard_error":1.6236090605357865},"MedianAbsDev":{"confidence_interval":{"confidence_level":0.95,"lower_bound":6.996522924491417,"upper_bound":10.466737935714276},"point_estimate":8.974281649616564,"standard_error":0.8912273580806755},"Slope":{"confidence_interval":{"confidence_level":0.95,"lower_bound":480.8431345479827,"upper_bound":484.80571171469717},"point_estimate":482.7101291783692,"standard_error":1.0098284190418825},"StdDev":{"confidence_interval":{"confidence_level":0.95,"lower_bound":8.212271953276423,"upper_bound":22.527845969783332},"point_estimate":15.591594658525885,"standard_error":3.8246589935650204}}