{"Mean":{"confidence_interval":{"confidence_level":0.95,"lower_bound":450.9907720582763,"upper_bound":457.5869791840315},"point_estimate":453.7991308451026,"standard_error":1.709866051577261},"Median":{"confidence_interval":{"confidence_level":0.95,"lower_bound":449.48279146022446,"upper_bound":453.5234835559187},"point_estimate":451.80534869142764,"standard_error":0.9313798240813087},"MedianAbsDev":{"confidence_interval":{"confidence_level":0.95,"lower_bound":6.219557326204234,"upper_bound":10.789661482970095},"point_estimate":8.551754251705368,"standard_error":1.1810283219942688},"Slope":{"confidence_interval":{"confidence_level":0.95,"lower_bound":451.0603339221928,"upper_bound":454.77283238992004},"point_estimate":452.8087618562079,"standard_error":0.9477635554930911},"StdDev":{"confidence_interval":{"confidence_level":0.95,"lower_bound":7.886035236628598,"upper_bound":26.94693346031359},"point_estimate":17.203553347247656,"standard_error":6.157915055044672}}