{"Mean":{"confidence_interval":{"confidence_level":0.95,"lower_bound":473.4500984340452,"upper_bound":483.5964951028775},"point_estimate":477.7670178350573,"standard_error":2.610402245545766},"Median":{"confidence_interval":{"confidence_level":0.95,"lower_bound":471.03345362456474,"upper_bound":476.3451960673947},"point_estimate":473.05871274250444,"standard_error":1.5481928504898825},"MedianAbsDev":{"confidence_interval":{"confidence_level":0.95,"lower_bound":8.328501746808996,"upper_bound":14.759954605561123},"point_estimate":11.242453745678862,"standard_error":1.6786354621902486},"Slope":{"confidence_interval":{"confidence_level":0.95,"lower_bound":472.62458733103676,"upper_bound":478.842529894717},"point_estimate":475.4981754418228,"standard_error":1.5896744768237296},"StdDev":{"confidence_interval":{"confidence_level":0.95,"lower_bound":12.455694890811555,"upper_bound":40.40957241828689},"point_estimate":26.221483433776317,"standard_error":8.733480520746932}}