{"Mean":{"confidence_interval":{"confidence_level":0.95,"lower_bound":448.906618910254,"upper_bound":466.7700586639722},"point_estimate":455.5119818096528,"standard_error":4.990242230870733},"Median":{"confidence_interval":{"confidence_level":0.95,"lower_bound":447.10014090177134,"upper_bound":451.10320578730904},"point_estimate":449.1217752967246,"standard_error":0.939290003816111},"MedianAbsDev":{"confidence_interval":{"confidence_level":0.95,"lower_bound":6.323301978033637,"upper_bound":11.169661942659527},"point_estimate":8.056555571762866,"standard_error":1.2375386323982611},"Slope":{"confidence_interval":{"confidence_level":0.95,"lower_bound":448.66609612650336,"upper_bound":451.8792872444104},"point_estimate":450.22224348420406,"standard_error":0.8227425949571996},"StdDev":{"confidence_interval":{"confidence_level":0.95,"lower_bound":8.336821526964034,"upper_bound":84.82876636235238},"point_estimate":50.30182614909913,"standard_error":25.79979356307445}}