{"Mean":{"confidence_interval":{"confidence_level":0.95,"lower_bound":-0.12742517880534546,"upper_bound":-0.10161699998810915},"point_estimate":-0.11312268477240217,"standard_error":0.0066223557786252866},"Median":{"confidence_interval":{"confidence_level":0.95,"lower_bound":-0.10073790831978191,"upper_bound":-0.09381421226608377},"point_estimate":-0.09712806257994511,"standard_error":0.0016549433189482269}}