{"Mean":{"confidence_interval":{"confidence_level":0.95,"lower_bound":-0.00830697603053906,"upper_bound":0.0013887152041075434},"point_estimate":-0.0034046330844502704,"standard_error":0.0024808667853502635},"Median":{"confidence_interval":{"confidence_level":0.95,"lower_bound":-0.006389244005626793,"upper_bound":0.0012854662824661744},"point_estimate":-0.0006356373584240904,"standard_error":0.002020645512020041}}