{"Mean":{"confidence_interval":{"confidence_level":0.95,"lower_bound":0.017740911557477805,"upper_bound":0.027027080156999277},"point_estimate":0.022433483552725564,"standard_error":0.0023671848238777057},"Median":{"confidence_interval":{"confidence_level":0.95,"lower_bound":0.020297061144014972,"upper_bound":0.028343355607009846},"point_estimate":0.023522608235954756,"standard_error":0.0021615278129160287}}