{"Mean":{"confidence_interval":{"confidence_level":0.95,"lower_bound":-0.057308590138504145,"upper_bound":-0.048922663403212906},"point_estimate":-0.05305180329892634,"standard_error":0.0021362403229043215},"Median":{"confidence_interval":{"confidence_level":0.95,"lower_bound":-0.05401460961184634,"upper_bound":-0.04536406648062952},"point_estimate":-0.04952584618749867,"standard_error":0.002274957899411366}}