{"Mean":{"confidence_interval":{"confidence_level":0.95,"lower_bound":0.00545406629741736,"upper_bound":0.0155828039416299},"point_estimate":0.010436028857529811,"standard_error":0.002595555725417213},"Median":{"confidence_interval":{"confidence_level":0.95,"lower_bound":0.005032866213001919,"upper_bound":0.013056479774517404},"point_estimate":0.009397404182184488,"standard_error":0.0021292377870128876}}