{"Mean":{"confidence_interval":{"confidence_level":0.95,"lower_bound":-0.03331998346950444,"upper_bound":-0.02185682350297339},"point_estimate":-0.02776584696565798,"standard_error":0.002927037460553706},"Median":{"confidence_interval":{"confidence_level":0.95,"lower_bound":-0.0404903436124201,"upper_bound":-0.023510294663122044},"point_estimate":-0.03143251523402901,"standard_error":0.004882113247520448}}