{"Mean":{"confidence_interval":{"confidence_level":0.95,"lower_bound":14080.57447817441,"upper_bound":14656.246845719445},"point_estimate":14321.407160701736,"standard_error":149.97455405434715},"Median":{"confidence_interval":{"confidence_level":0.95,"lower_bound":13982.114285714286,"upper_bound":14159.961442669173},"point_estimate":14076.801244834534,"standard_error":39.66518784649394},"MedianAbsDev":{"confidence_interval":{"confidence_level":0.95,"lower_bound":269.39265209543385,"upper_bound":454.49298508082495},"point_estimate":366.4506583894155,"standard_error":47.628225769471634},"Slope":{"confidence_interval":{"confidence_level":0.95,"lower_bound":14104.893987956211,"upper_bound":14242.647357495172},"point_estimate":14173.902100276553,"standard_error":35.19849755205869},"StdDev":{"confidence_interval":{"confidence_level":0.95,"lower_bound":353.76060727008473,"upper_bound":2325.405012230118},"point_estimate":1500.040583230092,"standard_error":528.4462647666637}}