{"Mean":{"confidence_interval":{"confidence_level":0.95,"lower_bound":16496.750160344247,"upper_bound":16705.0329203991},"point_estimate":16572.993754619547,"standard_error":58.41194812212829},"Median":{"confidence_interval":{"confidence_level":0.95,"lower_bound":16472.151515151516,"upper_bound":16503.33970959596},"point_estimate":16484.839642857143,"standard_error":7.722145439822809},"MedianAbsDev":{"confidence_interval":{"confidence_level":0.95,"lower_bound":43.44913426646137,"upper_bound":82.02725489891183},"point_estimate":58.06445304607267,"standard_error":9.9229403248358},"Slope":{"confidence_interval":{"confidence_level":0.95,"lower_bound":16489.798208321667,"upper_bound":16520.081909978984},"point_estimate":16504.483064676617,"standard_error":7.721697301755552},"StdDev":{"confidence_interval":{"confidence_level":0.95,"lower_bound":77.0548553130017,"upper_bound":994.7324853549894},"point_estimate":588.4260376935455,"standard_error":305.401766225762}}