{"Mean":{"confidence_interval":{"confidence_level":0.95,"lower_bound":16689.248049734957,"upper_bound":17348.20483633708},"point_estimate":16961.204848103527,"standard_error":174.12849071388186},"Median":{"confidence_interval":{"confidence_level":0.95,"lower_bound":16641.03787677305,"upper_bound":16783.27196969697},"point_estimate":16717.65014069264,"standard_error":44.745932159437615},"MedianAbsDev":{"confidence_interval":{"confidence_level":0.95,"lower_bound":208.52807024269248,"upper_bound":396.0407998559257},"point_estimate":303.29739850428217,"standard_error":49.3749053658809},"Slope":{"confidence_interval":{"confidence_level":0.95,"lower_bound":16672.09947394801,"upper_bound":16801.166540635328},"point_estimate":16736.415372789517,"standard_error":32.869149667532646},"StdDev":{"confidence_interval":{"confidence_level":0.95,"lower_bound":284.266755152605,"upper_bound":2730.550298031828},"point_estimate":1753.9283567988532,"standard_error":670.3588954225462}}