{"Mean":{"confidence_interval":{"confidence_level":0.95,"lower_bound":16408.9135303454,"upper_bound":16838.161905116096},"point_estimate":16591.66232600614,"standard_error":111.07813945591752},"Median":{"confidence_interval":{"confidence_level":0.95,"lower_bound":16346.987759188562,"upper_bound":16392.929926068788},"point_estimate":16377.360536944641,"standard_error":13.626141468898096},"MedianAbsDev":{"confidence_interval":{"confidence_level":0.95,"lower_bound":72.55679562358594,"upper_bound":131.65196235451228},"point_estimate":103.04467043724439,"standard_error":16.289544859529368},"Slope":{"confidence_interval":{"confidence_level":0.95,"lower_bound":16376.343455465802,"upper_bound":16439.269240916325},"point_estimate":16405.65718891341,"standard_error":16.1485843822711},"StdDev":{"confidence_interval":{"confidence_level":0.95,"lower_bound":165.12377899440665,"upper_bound":1707.2087278871606},"point_estimate":1116.8790332277085,"standard_error":386.40510476192594}}