{"Mean":{"confidence_interval":{"confidence_level":0.95,"lower_bound":17292.92926954469,"upper_bound":17816.895676142325},"point_estimate":17517.449705515224,"standard_error":135.85090826742004},"Median":{"confidence_interval":{"confidence_level":0.95,"lower_bound":17190.44115618204,"upper_bound":17361.108356371653},"point_estimate":17269.71864917322,"standard_error":41.03983580069278},"MedianAbsDev":{"confidence_interval":{"confidence_level":0.95,"lower_bound":294.4789596215228,"upper_bound":483.6850598558605},"point_estimate":389.03247361687437,"standard_error":46.16272308132305},"Slope":{"confidence_interval":{"confidence_level":0.95,"lower_bound":17239.42084523048,"upper_bound":17383.864345865946},"point_estimate":17310.156677741372,"standard_error":36.97732733654702},"StdDev":{"confidence_interval":{"confidence_level":0.95,"lower_bound":350.55507692746266,"upper_bound":2078.57600721954},"point_estimate":1364.0306941164197,"standard_error":445.88460351877876}}