{"Mean":{"confidence_interval":{"confidence_level":0.95,"lower_bound":17341.5954414911,"upper_bound":18134.039241511487},"point_estimate":17685.872571670352,"standard_error":204.08580184008093},"Median":{"confidence_interval":{"confidence_level":0.95,"lower_bound":17157.054762833515,"upper_bound":17450.01002814919},"point_estimate":17268.194057618624,"standard_error":65.46354825550583},"MedianAbsDev":{"confidence_interval":{"confidence_level":0.95,"lower_bound":408.92197467109264,"upper_bound":670.6537406865947},"point_estimate":502.64452706765354,"standard_error":64.17221811674499},"Slope":{"confidence_interval":{"confidence_level":0.95,"lower_bound":17207.465339347436,"upper_bound":17429.744484250885},"point_estimate":17313.650136565382,"standard_error":56.71575267457767},"StdDev":{"confidence_interval":{"confidence_level":0.95,"lower_bound":794.7543999624177,"upper_bound":3090.514677548315},"point_estimate":2049.050539338997,"standard_error":600.804646971604}}