{"Mean":{"confidence_interval":{"confidence_level":0.95,"lower_bound":14363.001494576283,"upper_bound":14968.844147034595},"point_estimate":14619.977195705855,"standard_error":157.0902946135277},"Median":{"confidence_interval":{"confidence_level":0.95,"lower_bound":14313.076061658085,"upper_bound":14518.628413865546},"point_estimate":14422.599693385258,"standard_error":54.251599044508325},"MedianAbsDev":{"confidence_interval":{"confidence_level":0.95,"lower_bound":297.34490029622447,"upper_bound":538.7273057997585},"point_estimate":388.20222981365225,"standard_error":63.00556195646753},"Slope":{"confidence_interval":{"confidence_level":0.95,"lower_bound":14377.066916951691,"upper_bound":14531.274637935123},"point_estimate":14454.331617451473,"standard_error":39.38013694975225},"StdDev":{"confidence_interval":{"confidence_level":0.95,"lower_bound":411.67795728510407,"upper_bound":2416.171087721468},"point_estimate":1577.4297190135894,"standard_error":541.8016475148612}}