{"Mean":{"confidence_interval":{"confidence_level":0.95,"lower_bound":736709.3236600609,"upper_bound":741646.8657425537},"point_estimate":739191.0644794538,"standard_error":1257.7076087382045},"Median":{"confidence_interval":{"confidence_level":0.95,"lower_bound":738223.9361649279,"upper_bound":741877.5486873041},"point_estimate":740790.6824404763,"standard_error":1030.7153401802711},"MedianAbsDev":{"confidence_interval":{"confidence_level":0.95,"lower_bound":5766.046627632147,"upper_bound":9867.450133163853},"point_estimate":6974.854872194292,"standard_error":1073.4810917867587},"Slope":{"confidence_interval":{"confidence_level":0.95,"lower_bound":739648.4666068753,"upper_bound":742214.1358773143},"point_estimate":740952.8152357027,"standard_error":653.487115311725},"StdDev":{"confidence_interval":{"confidence_level":0.95,"lower_bound":9833.215398211463,"upper_bound":15089.938950334848},"point_estimate":12590.176603285789,"standard_error":1339.258972204842}}