{"Mean":{"confidence_interval":{"confidence_level":0.95,"lower_bound":934846.1878868123,"upper_bound":940027.7850366532},"point_estimate":937301.9537443179,"standard_error":1316.9158355009758},"Median":{"confidence_interval":{"confidence_level":0.95,"lower_bound":934932.5900997152,"upper_bound":938379.7177308851},"point_estimate":936256.5392156863,"standard_error":1014.8295069960573},"MedianAbsDev":{"confidence_interval":{"confidence_level":0.95,"lower_bound":4908.881245202793,"upper_bound":9971.646569581151},"point_estimate":6495.515220088309,"standard_error":1317.577509998175},"Slope":{"confidence_interval":{"confidence_level":0.95,"lower_bound":937659.8551742837,"upper_bound":940753.5815826036},"point_estimate":939273.8763824442,"standard_error":787.1822387353927},"StdDev":{"confidence_interval":{"confidence_level":0.95,"lower_bound":8909.523080265966,"upper_bound":17986.21978548383},"point_estimate":13205.104896744566,"standard_error":2456.544669258735}}