{"Mean":{"confidence_interval":{"confidence_level":0.95,"lower_bound":726460.6181114893,"upper_bound":736282.4474799514},"point_estimate":730425.7033272764,"standard_error":2591.23391389935},"Median":{"confidence_interval":{"confidence_level":0.95,"lower_bound":723771.525,"upper_bound":728424.3819767442},"point_estimate":726210.8423913043,"standard_error":946.9926459430205},"MedianAbsDev":{"confidence_interval":{"confidence_level":0.95,"lower_bound":6197.52909884774,"upper_bound":9393.564751270045},"point_estimate":7205.782588432564,"standard_error":833.5075588572661},"Slope":{"confidence_interval":{"confidence_level":0.95,"lower_bound":725401.455331106,"upper_bound":728394.6583692954},"point_estimate":726889.0991576769,"standard_error":764.7089583170689},"StdDev":{"confidence_interval":{"confidence_level":0.95,"lower_bound":8577.678253661652,"upper_bound":42212.21912141137},"point_estimate":26062.21867589434,"standard_error":10731.448215904642}}