{"Mean":{"confidence_interval":{"confidence_level":0.95,"lower_bound":774521.5895006179,"upper_bound":796844.0481673606},"point_estimate":782501.9830975074,"standard_error":6289.931608633947},"Median":{"confidence_interval":{"confidence_level":0.95,"lower_bound":772873.576968135,"upper_bound":774046.8203125},"point_estimate":773383.8661680092,"standard_error":307.47256055342945},"MedianAbsDev":{"confidence_interval":{"confidence_level":0.95,"lower_bound":1609.8972820521353,"upper_bound":3431.733890851107},"point_estimate":2555.2041010994208,"standard_error":484.2589176083075},"Slope":{"confidence_interval":{"confidence_level":0.95,"lower_bound":774091.5232772579,"upper_bound":776176.3735098583},"point_estimate":775086.852589035,"standard_error":532.7652658596492},"StdDev":{"confidence_interval":{"confidence_level":0.95,"lower_bound":3985.6648959065965,"upper_bound":106739.39724213569},"point_estimate":62997.66918262923,"standard_error":33495.56065805679}}