{"Mean":{"confidence_interval":{"confidence_level":0.95,"lower_bound":1338.5382892970667,"upper_bound":1371.4154257657663},"point_estimate":1351.788958655459,"standard_error":8.66644588603493},"Median":{"confidence_interval":{"confidence_level":0.95,"lower_bound":1332.6391217613232,"upper_bound":1337.940057289311},"point_estimate":1335.4295748930972,"standard_error":1.56071098719677},"MedianAbsDev":{"confidence_interval":{"confidence_level":0.95,"lower_bound":5.607060377088381,"upper_bound":12.232052284419616},"point_estimate":8.677392337322416,"standard_error":1.7392025181884387},"Slope":{"confidence_interval":{"confidence_level":0.95,"lower_bound":1338.1333947477283,"upper_bound":1343.8875398251719},"point_estimate":1340.9261876265596,"standard_error":1.470304925931781},"StdDev":{"confidence_interval":{"confidence_level":0.95,"lower_bound":11.651375597486904,"upper_bound":139.68016284907497},"point_estimate":87.08782930217558,"standard_error":35.10129584498587}}