{"Mean":{"confidence_interval":{"confidence_level":0.95,"lower_bound":1343.6331843832684,"upper_bound":1369.750858229929},"point_estimate":1354.784662684636,"standard_error":6.7395706293511255},"Median":{"confidence_interval":{"confidence_level":0.95,"lower_bound":1338.0700342465752,"upper_bound":1341.2190258751903},"point_estimate":1339.3192197202147,"standard_error":0.8090966411596022},"MedianAbsDev":{"confidence_interval":{"confidence_level":0.95,"lower_bound":4.535593122665334,"upper_bound":8.244757694289625},"point_estimate":6.142396958748634,"standard_error":0.9965549041289631},"Slope":{"confidence_interval":{"confidence_level":0.95,"lower_bound":1341.3480619324853,"upper_bound":1348.3413346333587},"point_estimate":1344.5108618375639,"standard_error":1.7930379064563942},"StdDev":{"confidence_interval":{"confidence_level":0.95,"lower_bound":12.902244168039344,"upper_bound":104.62420647580059},"point_estimate":67.66080871604959,"standard_error":22.77953969175291}}