{"Mean":{"confidence_interval":{"confidence_level":0.95,"lower_bound":1321.9570293310524,"upper_bound":1348.5888695885599},"point_estimate":1332.7742942917778,"standard_error":6.97824195744331},"Median":{"confidence_interval":{"confidence_level":0.95,"lower_bound":1315.6064575163398,"upper_bound":1325.5651069849691},"point_estimate":1321.6438273594517,"standard_error":2.936182089099128},"MedianAbsDev":{"confidence_interval":{"confidence_level":0.95,"lower_bound":14.040074247485636,"upper_bound":22.52475335808152},"point_estimate":18.204943826717916,"standard_error":2.065837532428507},"Slope":{"confidence_interval":{"confidence_level":0.95,"lower_bound":1321.9799603757756,"upper_bound":1329.7393797671714},"point_estimate":1325.7723604078617,"standard_error":1.9795071368099384},"StdDev":{"confidence_interval":{"confidence_level":0.95,"lower_bound":17.722747045983613,"upper_bound":113.14202009329158},"point_estimate":70.12609473822017,"standard_error":27.66669281710006}}