{"Mean":{"confidence_interval":{"confidence_level":0.95,"lower_bound":1306.9605350508707,"upper_bound":1325.9034563787886},"point_estimate":1314.9286536885074,"standard_error":4.9072478201712375},"Median":{"confidence_interval":{"confidence_level":0.95,"lower_bound":1301.2264967150222,"upper_bound":1308.252855245684},"point_estimate":1302.7709703476978,"standard_error":1.9947203972852738},"MedianAbsDev":{"confidence_interval":{"confidence_level":0.95,"lower_bound":8.971173718551812,"upper_bound":16.895831373345906},"point_estimate":11.657278742100818,"standard_error":2.1544840815499113},"Slope":{"confidence_interval":{"confidence_level":0.95,"lower_bound":1303.1047471054467,"upper_bound":1308.5316324330245},"point_estimate":1305.7062893414275,"standard_error":1.3811659424168237},"StdDev":{"confidence_interval":{"confidence_level":0.95,"lower_bound":14.91632976150434,"upper_bound":77.18187018284965},"point_estimate":49.164991866571036,"standard_error":16.903179508026895}}