{"Mean":{"confidence_interval":{"confidence_level":0.95,"lower_bound":1318.1471331390735,"upper_bound":1360.1825807498567},"point_estimate":1334.4318959486257,"standard_error":11.275850908054888},"Median":{"confidence_interval":{"confidence_level":0.95,"lower_bound":1310.0557601400642,"upper_bound":1317.245838154748},"point_estimate":1313.8584407836756,"standard_error":1.7862919202099914},"MedianAbsDev":{"confidence_interval":{"confidence_level":0.95,"lower_bound":13.200069008811568,"upper_bound":22.253199562980477},"point_estimate":17.65747625177094,"standard_error":2.4047417699844247},"Slope":{"confidence_interval":{"confidence_level":0.95,"lower_bound":1316.5642312910945,"upper_bound":1330.1049578568686},"point_estimate":1322.8577663572628,"standard_error":3.464021133880976},"StdDev":{"confidence_interval":{"confidence_level":0.95,"lower_bound":26.28559794636045,"upper_bound":188.0687868081276},"point_estimate":113.65382368950209,"standard_error":51.89697405309679}}