{"Mean":{"confidence_interval":{"confidence_level":0.95,"lower_bound":1292.0705407496914,"upper_bound":1319.8733225352016},"point_estimate":1303.6573021757692,"standard_error":7.230449015764123},"Median":{"confidence_interval":{"confidence_level":0.95,"lower_bound":1283.96294881589,"upper_bound":1295.7127872127871},"point_estimate":1290.1691937208807,"standard_error":2.818298243448761},"MedianAbsDev":{"confidence_interval":{"confidence_level":0.95,"lower_bound":13.37419636466545,"upper_bound":22.623288234719922},"point_estimate":17.463455036681303,"standard_error":2.4566651487190314},"Slope":{"confidence_interval":{"confidence_level":0.95,"lower_bound":1291.663933960452,"upper_bound":1303.3944902203539},"point_estimate":1297.3113423969262,"standard_error":3.0033019694191556},"StdDev":{"confidence_interval":{"confidence_level":0.95,"lower_bound":19.54689844054042,"upper_bound":115.3742671075642},"point_estimate":72.69666282656507,"standard_error":26.613544909968013}}