{"Mean":{"confidence_interval":{"confidence_level":0.95,"lower_bound":1314.2467811888007,"upper_bound":1331.6286848959198},"point_estimate":1321.3477079328375,"standard_error":4.5514379092781025},"Median":{"confidence_interval":{"confidence_level":0.95,"lower_bound":1309.9712301587301,"upper_bound":1317.8652639350314},"point_estimate":1312.302787949341,"standard_error":1.8348338676322393},"MedianAbsDev":{"confidence_interval":{"confidence_level":0.95,"lower_bound":12.529354812281925,"upper_bound":18.569539835992842},"point_estimate":15.349029339819078,"standard_error":1.5307502208838388},"Slope":{"confidence_interval":{"confidence_level":0.95,"lower_bound":1313.0854150770804,"upper_bound":1319.5459819226437},"point_estimate":1316.2616281667256,"standard_error":1.652206200755168},"StdDev":{"confidence_interval":{"confidence_level":0.95,"lower_bound":14.291226730294014,"upper_bound":73.69072296276941},"point_estimate":45.78267627828353,"standard_error":17.922170945061392}}