{"Mean":{"confidence_interval":{"confidence_level":0.95,"lower_bound":1309.1612337664483,"upper_bound":1338.5698390360774},"point_estimate":1321.6089622955365,"standard_error":7.6261134274818065},"Median":{"confidence_interval":{"confidence_level":0.95,"lower_bound":1302.5000845216077,"upper_bound":1309.48920329119},"point_estimate":1304.8309189530116,"standard_error":1.9358498462529428},"MedianAbsDev":{"confidence_interval":{"confidence_level":0.95,"lower_bound":11.220631997424206,"upper_bound":18.75554715874436},"point_estimate":14.281990745119503,"standard_error":1.9301994554132624},"Slope":{"confidence_interval":{"confidence_level":0.95,"lower_bound":1308.6726829937836,"upper_bound":1321.9936980924188},"point_estimate":1314.8779571997725,"standard_error":3.4105256083177116},"StdDev":{"confidence_interval":{"confidence_level":0.95,"lower_bound":21.071404434887082,"upper_bound":118.70866125713539},"point_estimate":76.53804520442766,"standard_error":26.31971353259696}}