{"Mean":{"confidence_interval":{"confidence_level":0.95,"lower_bound":1398.9535728073304,"upper_bound":1422.2560607962223},"point_estimate":1409.7371019472305,"standard_error":5.9666991607881235},"Median":{"confidence_interval":{"confidence_level":0.95,"lower_bound":1387.955953674667,"upper_bound":1403.268090787717},"point_estimate":1395.5821396783012,"standard_error":3.8843376033771033},"MedianAbsDev":{"confidence_interval":{"confidence_level":0.95,"lower_bound":25.039200194552727,"upper_bound":44.161649613053584},"point_estimate":33.734816445692296,"standard_error":4.997626387880449},"Slope":{"confidence_interval":{"confidence_level":0.95,"lower_bound":1401.5406343644831,"upper_bound":1423.2833795902768},"point_estimate":1411.9091905881899,"standard_error":5.5467990785144},"StdDev":{"confidence_interval":{"confidence_level":0.95,"lower_bound":38.24978936753668,"upper_bound":82.23634683342502},"point_estimate":60.046913028544935,"standard_error":11.688574441678472}}