{"Mean":{"confidence_interval":{"confidence_level":0.95,"lower_bound":1244.4744393939727,"upper_bound":1261.0938553677681},"point_estimate":1250.9447652539523,"standard_error":4.404301393532095},"Median":{"confidence_interval":{"confidence_level":0.95,"lower_bound":1242.0497965223826,"upper_bound":1245.3042365174324},"point_estimate":1243.752058885294,"standard_error":0.8905620362878982},"MedianAbsDev":{"confidence_interval":{"confidence_level":0.95,"lower_bound":5.529365755048521,"upper_bound":9.139673906240057},"point_estimate":7.330830283203153,"standard_error":0.8976218230285313},"Slope":{"confidence_interval":{"confidence_level":0.95,"lower_bound":1243.2100677275505,"upper_bound":1246.8995858105736},"point_estimate":1244.942727732531,"standard_error":0.9436170398825469},"StdDev":{"confidence_interval":{"confidence_level":0.95,"lower_bound":7.553349513064671,"upper_bound":73.15321098016356},"point_estimate":44.385099764314724,"standard_error":19.596259463537272}}