{"Mean":{"confidence_interval":{"confidence_level":0.95,"lower_bound":1147.8158789157474,"upper_bound":1193.5456774353174},"point_estimate":1167.0820556516453,"standard_error":11.923899052147743},"Median":{"confidence_interval":{"confidence_level":0.95,"lower_bound":1138.8347779887863,"upper_bound":1154.3781980994152},"point_estimate":1149.1637709523325,"standard_error":4.6161445859366745},"MedianAbsDev":{"confidence_interval":{"confidence_level":0.95,"lower_bound":24.084638926636522,"upper_bound":42.5584630437783},"point_estimate":32.64005472129342,"standard_error":4.659168150701226},"Slope":{"confidence_interval":{"confidence_level":0.95,"lower_bound":1145.5582774515915,"upper_bound":1159.446213920679},"point_estimate":1152.2030463757294,"standard_error":3.5545228657073356},"StdDev":{"confidence_interval":{"confidence_level":0.95,"lower_bound":30.510271834207046,"upper_bound":185.73552262859923},"point_estimate":119.96850034775906,"standard_error":42.3051504448366}}