{"Mean":{"confidence_interval":{"confidence_level":0.95,"lower_bound":1156.148267914125,"upper_bound":1198.8789816252493},"point_estimate":1174.278973113502,"standard_error":11.109548863411504},"Median":{"confidence_interval":{"confidence_level":0.95,"lower_bound":1149.1727694090382,"upper_bound":1159.8315072756932},"point_estimate":1154.6804346736533,"standard_error":2.9170150338789202},"MedianAbsDev":{"confidence_interval":{"confidence_level":0.95,"lower_bound":19.61680907363532,"upper_bound":35.509537673894506},"point_estimate":27.394040644370296,"standard_error":4.093336149593982},"Slope":{"confidence_interval":{"confidence_level":0.95,"lower_bound":1152.5739980631367,"upper_bound":1164.0570159089214},"point_estimate":1158.2057347077127,"standard_error":2.9271792025736922},"StdDev":{"confidence_interval":{"confidence_level":0.95,"lower_bound":28.86800560382226,"upper_bound":171.51400892143835},"point_estimate":111.99183246725681,"standard_error":38.649564129165526}}