{"Mean":{"confidence_interval":{"confidence_level":0.95,"lower_bound":1181.3660798853416,"upper_bound":1199.201764969604},"point_estimate":1189.6202844759782,"standard_error":4.563972864996625},"Median":{"confidence_interval":{"confidence_level":0.95,"lower_bound":1175.881325783037,"upper_bound":1192.2080862533692},"point_estimate":1186.2587594031324,"standard_error":4.981514772885796},"MedianAbsDev":{"confidence_interval":{"confidence_level":0.95,"lower_bound":23.651530055256583,"upper_bound":39.813424316180075},"point_estimate":31.494451857538227,"standard_error":4.068786957756628},"Slope":{"confidence_interval":{"confidence_level":0.95,"lower_bound":1178.0016904750673,"upper_bound":1189.8279384093944},"point_estimate":1183.811799690135,"standard_error":3.021419179342187},"StdDev":{"confidence_interval":{"confidence_level":0.95,"lower_bound":29.636833488574073,"upper_bound":63.87889383846566},"point_estimate":45.87713118889762,"standard_error":9.568844217360997}}