{"Mean":{"confidence_interval":{"confidence_level":0.95,"lower_bound":1258.1418194881574,"upper_bound":1277.370974074344},"point_estimate":1266.5130115825734,"standard_error":4.967799973699987},"Median":{"confidence_interval":{"confidence_level":0.95,"lower_bound":1253.4573628532726,"upper_bound":1264.0925004827209},"point_estimate":1257.7999288771903,"standard_error":2.9049404545337296},"MedianAbsDev":{"confidence_interval":{"confidence_level":0.95,"lower_bound":16.71905346551052,"upper_bound":29.103372441435766},"point_estimate":22.858826312417797,"standard_error":3.2381368338054854},"Slope":{"confidence_interval":{"confidence_level":0.95,"lower_bound":1256.466418490705,"upper_bound":1264.4581136967647},"point_estimate":1260.5007271691693,"standard_error":2.0351726533615055},"StdDev":{"confidence_interval":{"confidence_level":0.95,"lower_bound":23.993041462170783,"upper_bound":75.99300775968611},"point_estimate":49.85473757494084,"standard_error":15.65899569149811}}