{"Mean":{"confidence_interval":{"confidence_level":0.95,"lower_bound":1162.0157659543188,"upper_bound":1186.7283622973687},"point_estimate":1173.0109100754528,"standard_error":6.338952425943121},"Median":{"confidence_interval":{"confidence_level":0.95,"lower_bound":1149.992043661481,"upper_bound":1170.5403784960642},"point_estimate":1159.6172010873065,"standard_error":4.801906258831777},"MedianAbsDev":{"confidence_interval":{"confidence_level":0.95,"lower_bound":22.38348886475748,"upper_bound":37.980121112164},"point_estimate":29.071662350591236,"standard_error":3.9293266486539853},"Slope":{"confidence_interval":{"confidence_level":0.95,"lower_bound":1158.3142639593138,"upper_bound":1171.0775871917106},"point_estimate":1164.4969652532434,"standard_error":3.2480645406423427},"StdDev":{"confidence_interval":{"confidence_level":0.95,"lower_bound":33.05189449913997,"upper_bound":94.4508146272896},"point_estimate":63.90338133768248,"standard_error":17.134514548114176}}