{"Mean":{"confidence_interval":{"confidence_level":0.95,"lower_bound":688483.4830068607,"upper_bound":691860.3077490831},"point_estimate":690104.84238158,"standard_error":860.0128313395011},"Median":{"confidence_interval":{"confidence_level":0.95,"lower_bound":688269.0192687747,"upper_bound":690917.2727272727},"point_estimate":689954.5833333333,"standard_error":723.6480897619475},"MedianAbsDev":{"confidence_interval":{"confidence_level":0.95,"lower_bound":4522.702981058293,"upper_bound":7568.402247174237},"point_estimate":6359.915058023747,"standard_error":765.8306374645097},"Slope":{"confidence_interval":{"confidence_level":0.95,"lower_bound":689335.452742389,"upper_bound":691429.3256751078},"point_estimate":690390.5027441998,"standard_error":534.7345459557671},"StdDev":{"confidence_interval":{"confidence_level":0.95,"lower_bound":6120.394729829997,"upper_bound":10998.858632452844},"point_estimate":8651.171440608223,"standard_error":1255.9198949289337}}