{"Mean":{"confidence_interval":{"confidence_level":0.95,"lower_bound":633927.3162732389,"upper_bound":654018.3602156921},"point_estimate":641685.4769204065,"standard_error":5386.412497972718},"Median":{"confidence_interval":{"confidence_level":0.95,"lower_bound":631133.3939393939,"upper_bound":636522.5316049382},"point_estimate":633202.3257575758,"standard_error":1538.4224843508698},"MedianAbsDev":{"confidence_interval":{"confidence_level":0.95,"lower_bound":8038.204322704341,"upper_bound":12911.477769635392},"point_estimate":10330.970181588658,"standard_error":1269.8647131642854},"Slope":{"confidence_interval":{"confidence_level":0.95,"lower_bound":632168.3371267556,"upper_bound":636022.8049053098},"point_estimate":634038.8141377273,"standard_error":984.3208329569213},"StdDev":{"confidence_interval":{"confidence_level":0.95,"lower_bound":10535.098478478158,"upper_bound":89803.44282483976},"point_estimate":54159.1498759301,"standard_error":24765.65408784082}}