{"Mean":{"confidence_interval":{"confidence_level":0.95,"lower_bound":26038.49709696084,"upper_bound":26826.167240972503},"point_estimate":26359.964930419424,"standard_error":211.66839066814947},"Median":{"confidence_interval":{"confidence_level":0.95,"lower_bound":25957.53146853147,"upper_bound":26079.148839772595},"point_estimate":26015.633488306565,"standard_error":31.476553712630903},"MedianAbsDev":{"confidence_interval":{"confidence_level":0.95,"lower_bound":143.33739627490183,"upper_bound":238.00445220809164},"point_estimate":196.51303650354927,"standard_error":23.789390435899612},"Slope":{"confidence_interval":{"confidence_level":0.95,"lower_bound":26028.149336283488,"upper_bound":26141.342122396243},"point_estimate":26082.412623932887,"standard_error":28.83337343319416},"StdDev":{"confidence_interval":{"confidence_level":0.95,"lower_bound":210.3073657628928,"upper_bound":3315.7896480308546},"point_estimate":2126.9095674475925,"standard_error":852.1431048864392}}