{"Mean":{"confidence_interval":{"confidence_level":0.95,"lower_bound":20865.14057812625,"upper_bound":21069.294357892635},"point_estimate":20946.115601540107,"standard_error":54.19488112101394},"Median":{"confidence_interval":{"confidence_level":0.95,"lower_bound":20814.117647058825,"upper_bound":20878.624837852094},"point_estimate":20849.804137684125,"standard_error":17.27491290254598},"MedianAbsDev":{"confidence_interval":{"confidence_level":0.95,"lower_bound":102.66339079096842,"upper_bound":170.04579244782167},"point_estimate":137.29914810310984,"standard_error":16.92473365068292},"Slope":{"confidence_interval":{"confidence_level":0.95,"lower_bound":20826.959655883275,"upper_bound":20912.10802697262},"point_estimate":20866.793297990247,"standard_error":21.79883898106781},"StdDev":{"confidence_interval":{"confidence_level":0.95,"lower_bound":144.3820866163344,"upper_bound":894.4117931680611},"point_estimate":545.938234849114,"standard_error":237.5751676850632}}