{"Mean":{"confidence_interval":{"confidence_level":0.95,"lower_bound":20518.727823343823,"upper_bound":21075.196927903155},"point_estimate":20735.949926998896,"standard_error":149.86997248601307},"Median":{"confidence_interval":{"confidence_level":0.95,"lower_bound":20490.71879188576,"upper_bound":20516.666666666668},"point_estimate":20498.908377587148,"standard_error":6.429184233398824},"MedianAbsDev":{"confidence_interval":{"confidence_level":0.95,"lower_bound":41.79819467656118,"upper_bound":68.74764087645505},"point_estimate":53.0241055437433,"standard_error":6.717941416678708},"Slope":{"confidence_interval":{"confidence_level":0.95,"lower_bound":20491.74367293054,"upper_bound":20532.203509815365},"point_estimate":20510.180316486872,"standard_error":10.312905513437217},"StdDev":{"confidence_interval":{"confidence_level":0.95,"lower_bound":81.73567516682064,"upper_bound":2440.457944076717},"point_estimate":1505.274419037192,"standard_error":659.1019904828707}}