{"Mean":{"confidence_interval":{"confidence_level":0.95,"lower_bound":27150.437013061957,"upper_bound":28392.963543921556},"point_estimate":27649.772650234234,"standard_error":327.9733038394248},"Median":{"confidence_interval":{"confidence_level":0.95,"lower_bound":27043.463780198108,"upper_bound":27123.619510135137},"point_estimate":27068.32897320397,"standard_error":21.06637763883679},"MedianAbsDev":{"confidence_interval":{"confidence_level":0.95,"lower_bound":122.44174518894098,"upper_bound":206.4591983486872},"point_estimate":151.86924534214393,"standard_error":20.907415849828958},"Slope":{"confidence_interval":{"confidence_level":0.95,"lower_bound":27083.679214245247,"upper_bound":27291.338692757516},"point_estimate":27174.274598029388,"standard_error":53.15195929496448},"StdDev":{"confidence_interval":{"confidence_level":0.95,"lower_bound":377.6323700902694,"upper_bound":5294.227245866836},"point_estimate":3298.6209544318144,"standard_error":1345.528615327799}}