{"Mean":{"confidence_interval":{"confidence_level":0.95,"lower_bound":21021.02725139617,"upper_bound":21306.53940021628},"point_estimate":21138.87515170014,"standard_error":74.51097630744592},"Median":{"confidence_interval":{"confidence_level":0.95,"lower_bound":20955.503799392096,"upper_bound":21029.632070576026},"point_estimate":20983.07248497536,"standard_error":22.169663225902468},"MedianAbsDev":{"confidence_interval":{"confidence_level":0.95,"lower_bound":99.71047871051587,"upper_bound":166.42755432714694},"point_estimate":120.73624699247566,"standard_error":17.111747353631888},"Slope":{"confidence_interval":{"confidence_level":0.95,"lower_bound":20996.309231843446,"upper_bound":21158.113911551012},"point_estimate":21067.058303468963,"standard_error":41.545509362572176},"StdDev":{"confidence_interval":{"confidence_level":0.95,"lower_bound":236.90018835030105,"upper_bound":1192.1164685385863},"point_estimate":747.8998757331592,"standard_error":280.4064536253345}}