{"Mean":{"confidence_interval":{"confidence_level":0.95,"lower_bound":27119.25831554814,"upper_bound":28159.460137167454},"point_estimate":27541.205910261117,"standard_error":274.9044145432146},"Median":{"confidence_interval":{"confidence_level":0.95,"lower_bound":27023.406306306308,"upper_bound":27083.904646219253},"point_estimate":27056.35104653526,"standard_error":13.69690454401538},"MedianAbsDev":{"confidence_interval":{"confidence_level":0.95,"lower_bound":79.55606587557568,"upper_bound":147.41928437737567},"point_estimate":110.59652768866385,"standard_error":16.60422351865991},"Slope":{"confidence_interval":{"confidence_level":0.95,"lower_bound":27069.937587545446,"upper_bound":27177.46628776364},"point_estimate":27119.91374979531,"standard_error":27.567019020605134},"StdDev":{"confidence_interval":{"confidence_level":0.95,"lower_bound":300.6985219708599,"upper_bound":4365.658517446672},"point_estimate":2761.866325230181,"standard_error":1097.29920486481}}